"year","month","date","nino3","nino3anom","nino4","nino4anom","soi"
1870,"January",1870-01-01,24.23,-1.35,27.78,-0.48,1.062
1871,"January",1871-01-01,25.33,-0.25,27.72,-0.55,-1.129
1872,"January",1872-01-01,24.82,-0.76,27.5,-0.76,2.69
1873,"January",1873-01-01,24.63,-0.95,27.5,-0.77,2.469
1874,"January",1874-01-01,24.25,-1.33,27.66,-0.61,0.901
1875,"January",1875-01-01,24.81,-0.77,27.62,-0.65,0.655
1876,"January",1876-01-01,24.33,-1.25,27.26,-1.01,1.156
1877,"January",1877-01-01,25.8,0.21,28.16,-0.1,-0.882
1878,"January",1878-01-01,28.15,2.57,29.32,1.05,-0.979
1879,"January",1879-01-01,25.02,-0.56,27.99,-0.27,1.283
1880,"January",1880-01-01,24.57,-1.01,27.69,-0.57,1.136
1881,"January",1881-01-01,25.69,0.11,28.32,0.06,-0.84
1882,"January",1882-01-01,24.97,-0.61,27.91,-0.35,-0.764
1883,"January",1883-01-01,24.79,-0.79,28,-0.26,0.48
1884,"January",1884-01-01,25.25,-0.33,28.21,-0.05,-1.398
1885,"January",1885-01-01,25.82,0.24,28.05,-0.22,-1.783
1886,"January",1886-01-01,25.13,-0.45,28.47,0.21,-0.217
1887,"January",1887-01-01,24.65,-0.93,27.56,-0.71,1.201
1888,"January",1888-01-01,25.68,0.09,28.02,-0.24,-0.322
1889,"January",1889-01-01,27.6,2.02,29.1,0.83,-2.841
1890,"January",1890-01-01,23.58,-2.01,26.32,-1.94,2.163
1891,"January",1891-01-01,25.16,-0.42,27.79,-0.47,1.555
1892,"January",1892-01-01,25.12,-0.46,27.75,-0.51,0.199
1893,"January",1893-01-01,24.01,-1.57,27.67,-0.6,0.912
1894,"January",1894-01-01,24.72,-0.86,27.07,-1.19,2.149
1895,"January",1895-01-01,24.86,-0.72,27.48,-0.79,0.544
1896,"January",1896-01-01,25.96,0.38,28.09,-0.17,0.072
1897,"January",1897-01-01,27.03,1.45,28.85,0.58,-1.42
1898,"January",1898-01-01,25.1,-0.48,27.54,-0.72,0.649
1899,"January",1899-01-01,25.02,-0.56,27.24,-1.02,1.314
1900,"January",1900-01-01,26.98,1.4,28.89,0.63,-0.891
1901,"January",1901-01-01,26.04,0.46,28.85,0.59,-0.09
1902,"January",1902-01-01,25.48,-0.1,27.72,-0.54,1.677
1903,"January",1903-01-01,26.67,1.09,28.87,0.6,-1.1
1904,"January",1904-01-01,25.05,-0.53,27.3,-0.96,1.388
1905,"January",1905-01-01,26.24,0.66,28.56,0.3,-1.083
1906,"January",1906-01-01,26.5,0.91,28.37,0.11,-0.427
1907,"January",1907-01-01,24.89,-0.69,27.9,-0.36,0.561
1908,"January",1908-01-01,25.28,-0.3,27.82,-0.45,-0.987
1909,"January",1909-01-01,25.4,-0.18,27.74,-0.52,-0.297
1910,"January",1910-01-01,24.6,-0.99,27.17,-1.09,0.601
1911,"January",1911-01-01,24.98,-0.6,27.62,-0.64,0.304
1912,"January",1912-01-01,27.19,1.61,28.7,0.43,-1.114
1913,"January",1913-01-01,25.55,-0.03,27.78,-0.49,-0.41
1914,"January",1914-01-01,26.39,0.81,28.15,-0.12,-0.737
1915,"January",1915-01-01,26.38,0.8,28.62,0.35,-2.711
1916,"January",1916-01-01,25.16,-0.43,28.15,-0.12,0.561
1917,"January",1917-01-01,23.96,-1.62,27.27,-0.99,0.457
1918,"January",1918-01-01,24.54,-1.04,27.56,-0.71,1.459
1919,"January",1919-01-01,27.06,1.48,29,0.73,-1.621
1920,"January",1920-01-01,26.3,0.72,28.28,0.01,0.176
1921,"January",1921-01-01,25.86,0.28,28.07,-0.19,1.091
1922,"January",1922-01-01,24.87,-0.72,27.79,-0.47,0.785
1923,"January",1923-01-01,25.11,-0.47,27.9,-0.36,0.561
1924,"January",1924-01-01,25.55,-0.03,28.37,0.11,-0.681
1925,"January",1925-01-01,24.66,-0.92,27.17,-1.09,0.544
1926,"January",1926-01-01,27.07,1.49,28.76,0.5,-0.619
1927,"January",1927-01-01,25.63,0.05,28.15,-0.12,0.513
1928,"January",1928-01-01,25.73,0.14,28.52,0.25,-1.219
1929,"January",1929-01-01,25.25,-0.33,27.83,-0.43,1.738
1930,"January",1930-01-01,25.56,-0.03,28.66,0.39,1.306
1931,"January",1931-01-01,27.16,1.58,28.9,0.64,0.632
1932,"January",1932-01-01,25.34,-0.24,27.79,-0.47,0.207
1933,"January",1933-01-01,25.3,-0.28,28.1,-0.16,-1.219
1934,"January",1934-01-01,24.93,-0.65,27.13,-1.14,0.618
1935,"January",1935-01-01,25.06,-0.52,27.81,-0.46,0.641
1936,"January",1936-01-01,26.14,0.56,28.32,0.06,-0.305
1937,"January",1937-01-01,25.42,-0.17,28.04,-0.23,0.946
1938,"January",1938-01-01,25.21,-0.37,28,-0.26,0.754
1939,"January",1939-01-01,24.89,-0.69,27.67,-0.59,1.739
1940,"January",1940-01-01,26.76,1.18,28.76,0.5,-0.056
1941,"January",1941-01-01,26.83,1.24,28.92,0.66,-1.131
1942,"January",1942-01-01,26.09,0.51,28.74,0.48,-1.508
1943,"January",1943-01-01,24.69,-0.89,27.02,-1.25,0.879
1944,"January",1944-01-01,25.05,-0.53,27.98,-0.28,-0.953
1945,"January",1945-01-01,25.1,-0.48,27.97,-0.29,0.434
1946,"January",1946-01-01,24.88,-0.7,27.92,-0.34,-0.325
1947,"January",1947-01-01,25.81,0.23,28.48,0.22,-0.633
1948,"January",1948-01-01,25.46,-0.12,28.26,-0.01,-0.429
1949,"January",1949-01-01,24.84,-0.74,28.09,-0.18,-0.862
1950,"January",1950-01-01,24.25,-1.34,27.58,-0.69,0.536
1951,"January",1951-01-01,24.86,-0.72,27.01,-1.26,1.32
1952,"January",1952-01-01,26.01,0.43,28.5,0.24,-0.925
1953,"January",1953-01-01,25.65,0.07,28.52,0.25,0.123
1954,"January",1954-01-01,25.43,-0.15,28.44,0.18,0.572
1955,"January",1955-01-01,24.83,-0.76,27.59,-0.67,-0.678
1956,"January",1956-01-01,24.29,-1.3,27.26,-1.01,1.156
1957,"January",1957-01-01,24.71,-0.87,28.05,-0.21,0.434
1958,"January",1958-01-01,26.77,1.19,29.33,1.07,-1.893
1959,"January",1959-01-01,25.56,-0.02,28.56,0.3,-0.939
1960,"January",1960-01-01,25.51,-0.07,27.85,-0.42,-0.047
1961,"January",1961-01-01,25.24,-0.34,28,-0.26,-0.429
1962,"January",1962-01-01,25.41,-0.17,27.5,-0.76,1.716
1963,"January",1963-01-01,25.21,-0.37,27.81,-0.45,0.799
1964,"January",1964-01-01,26.02,0.44,28.55,0.29,-0.525
1965,"January",1965-01-01,24.88,-0.7,27.74,-0.52,-0.523
1966,"January",1966-01-01,26.7,1.12,28.85,0.59,-1.355
1967,"January",1967-01-01,25.09,-0.49,27.52,-0.74,1.524
1968,"January",1968-01-01,24.42,-1.16,28.01,-0.25,0.473
1969,"January",1969-01-01,25.95,0.37,29.19,0.93,-1.356
1970,"January",1970-01-01,26.24,0.66,28.64,0.37,-1.256
1971,"January",1971-01-01,24.27,-1.31,26.98,-1.28,0.233
1972,"January",1972-01-01,25.01,-0.57,27.86,-0.41,0.329
1973,"January",1973-01-01,27.2,1.62,29.12,0.85,-0.429
1974,"January",1974-01-01,24,-1.58,26.54,-1.72,2.163
1975,"January",1975-01-01,25.15,-0.44,27.56,-0.7,-0.625
1976,"January",1976-01-01,23.93,-1.65,26.85,-1.42,1.187
1977,"January",1977-01-01,26.54,0.95,28.3,0.04,-0.393
1978,"January",1978-01-01,26.02,0.44,28.74,0.48,-0.48
1979,"January",1979-01-01,25.5,-0.09,28.45,0.18,-0.452
1980,"January",1980-01-01,26.01,0.42,28.7,0.44,0.275
1981,"January",1981-01-01,24.84,-0.74,28.15,-0.11,0.272
1982,"January",1982-01-01,25.78,0.2,28.13,-0.13,0.867
1983,"January",1983-01-01,28.48,2.9,29.02,0.76,-3.362
1984,"January",1984-01-01,24.97,-0.61,27.57,-0.7,-0.033
1985,"January",1985-01-01,24.58,-1.01,27.74,-0.53,-0.548
1986,"January",1986-01-01,24.76,-0.82,27.89,-0.37,0.824
1987,"January",1987-01-01,26.62,1.04,28.87,0.6,-0.755
1988,"January",1988-01-01,26.1,0.51,28.94,0.67,-0.313
1989,"January",1989-01-01,24.19,-1.39,26.65,-1.61,1.314
1990,"January",1990-01-01,25.31,-0.27,28.49,0.23,-0.214
1991,"January",1991-01-01,25.76,0.18,28.93,0.66,0.445
1992,"January",1992-01-01,26.97,1.39,28.92,0.65,-2.849
1993,"January",1993-01-01,25.52,-0.06,28.74,0.47,-0.931
1994,"January",1994-01-01,25.54,-0.04,28.46,0.19,-0.251
1995,"January",1995-01-01,26.42,0.84,29.18,0.91,-0.509
1996,"January",1996-01-01,25,-0.58,27.91,-0.35,0.816
1997,"January",1997-01-01,24.88,-0.7,28.36,0.1,0.293
1998,"January",1998-01-01,28.61,3.03,29.17,0.91,-2.527
1999,"January",1999-01-01,24.61,-0.97,26.77,-1.5,1.583
2000,"January",2000-01-01,23.87,-1.71,26.91,-1.35,0.471
2001,"January",2001-01-01,24.87,-0.71,27.44,-0.82,0.78
2002,"January",2002-01-01,25.1,-0.49,28.54,0.27,0.202
2003,"January",2003-01-01,26.3,0.71,28.98,0.71,-0.305
2004,"January",2004-01-01,26.01,0.43,28.67,0.4,-1.307
2005,"January",2005-01-01,25.86,0.28,29.08,0.82,0.205
2006,"January",2006-01-01,24.68,-0.9,27.72,-0.54,1.294
2007,"January",2007-01-01,26.22,0.63,28.8,0.53,-0.829
2008,"January",2008-01-01,23.98,-1.6,26.88,-1.38,1.535
2009,"January",2009-01-01,24.96,-0.62,27.55,-0.71,0.847
2010,"January",2010-01-01,26.68,1.1,29.47,1.21,-1.126
2011,"January",2011-01-01,24.17,-1.41,26.88,-1.38,2.005
2012,"January",2012-01-01,24.85,-0.73,27.25,-1.01,0.896
2013,"January",2013-01-01,25,-0.59,28.2,-0.06,-0.104
2014,"January",2014-01-01,25.31,-0.27,28.03,-0.23,1.187
2015,"January",2015-01-01,25.97,0.39,28.97,0.71,-0.866
2016,"January",2016-01-01,28.23,2.64,29.59,1.33,-2.122
2017,"January",2017-01-01,25.5,-0.09,28.13,-0.13,0.077
1870,"February",1870-02-01,25.15,-1.2,26.93,-1.16,0.181
1871,"February",1871-02-01,25.83,-0.52,27.69,-0.41,-0.129
1872,"February",1872-02-01,25.61,-0.74,27.59,-0.51,1.117
1873,"February",1873-02-01,25.17,-1.18,27.23,-0.86,1.124
1874,"February",1874-02-01,24.94,-1.4,27.42,-0.68,-0.277
1875,"February",1875-02-01,25.85,-0.49,27.68,-0.41,-0.112
1876,"February",1876-02-01,24.89,-1.45,27.14,-0.95,0.981
1877,"February",1877-02-01,26.57,0.22,28.57,0.47,-1.444
1878,"February",1878-02-01,28.84,2.49,29.28,1.18,-2.216
1879,"February",1879-02-01,26.09,-0.26,28.01,-0.09,1.329
1880,"February",1880-02-01,25.73,-0.62,27.75,-0.34,0.703
1881,"February",1881-02-01,26.3,-0.05,28.24,0.14,-0.667
1882,"February",1882-02-01,25.61,-0.74,27.68,-0.41,-0.261
1883,"February",1883-02-01,25.66,-0.68,27.95,-0.14,-0.948
1884,"February",1884-02-01,26.12,-0.23,28.26,0.17,-0.613
1885,"February",1885-02-01,26.47,0.13,28.17,0.08,0.037
1886,"February",1886-02-01,25.68,-0.67,28.29,0.19,0.005
1887,"February",1887-02-01,25.08,-1.27,27.73,-0.37,0.953
1888,"February",1888-02-01,26.62,0.27,28.45,0.36,-0.328
1889,"February",1889-02-01,27.69,1.34,28.86,0.76,-0.213
1890,"February",1890-02-01,24.66,-1.69,26.5,-1.6,1.032
1891,"February",1891-02-01,26.04,-0.31,27.99,-0.11,-0.491
1892,"February",1892-02-01,25.9,-0.45,27.8,-0.29,-1.127
1893,"February",1893-02-01,24.9,-1.45,27.57,-0.53,0.652
1894,"February",1894-02-01,25.41,-0.94,26.85,-1.24,0.969
1895,"February",1895-02-01,25.74,-0.61,27.63,-0.46,0.617
1896,"February",1896-02-01,26.52,0.18,27.94,-0.15,0.372
1897,"February",1897-02-01,27.41,1.06,28.65,0.55,-0.861
1898,"February",1898-02-01,25.76,-0.58,27.6,-0.5,0.474
1899,"February",1899-02-01,25.76,-0.59,27.29,-0.81,0.866
1900,"February",1900-02-01,27.7,1.35,28.67,0.58,-0.729
1901,"February",1901-02-01,26.37,0.03,28.34,0.24,0.205
1902,"February",1902-02-01,26.27,-0.08,27.85,-0.25,-0.282
1903,"February",1903-02-01,26.77,0.42,28.92,0.82,-1.109
1904,"February",1904-02-01,25.66,-0.69,27.55,-0.54,1.533
1905,"February",1905-02-01,26.82,0.47,28.77,0.68,-1.838
1906,"February",1906-02-01,26.9,0.55,28.48,0.38,-0.875
1907,"February",1907-02-01,25.79,-0.56,27.89,-0.21,-0.225
1908,"February",1908-02-01,26.45,0.1,28.03,-0.06,0.837
1909,"February",1909-02-01,25.36,-0.99,27.46,-0.63,-0.395
1910,"February",1910-02-01,25.77,-0.58,27.35,-0.74,1.42
1911,"February",1911-02-01,25.6,-0.74,27.63,-0.47,0.009
1912,"February",1912-02-01,27.2,0.85,28.54,0.45,-1.827
1913,"February",1913-02-01,26.5,0.15,28.27,0.17,-0.627
1914,"February",1914-02-01,27.02,0.67,28.54,0.44,0.185
1915,"February",1915-02-01,26.8,0.46,28.62,0.52,-0.594
1916,"February",1916-02-01,25.39,-0.95,27.84,-0.26,-0.524
1917,"February",1917-02-01,24.75,-1.6,27.53,-0.57,0.984
1918,"February",1918-02-01,25.4,-0.95,27.49,-0.61,1.583
1919,"February",1919-02-01,27.36,1.02,28.76,0.67,-1.194
1920,"February",1920-02-01,26.97,0.63,28.21,0.12,-0.292
1921,"February",1921-02-01,26.07,-0.28,27.54,-0.55,0.585
1922,"February",1922-02-01,26.27,-0.08,28.14,0.04,0.773
1923,"February",1923-02-01,25.61,-0.74,27.77,-0.33,0.336
1924,"February",1924-02-01,26.51,0.16,28.29,0.2,0.006
1925,"February",1925-02-01,26.26,-0.09,27.3,-0.8,1.224
1926,"February",1926-02-01,27.43,1.08,28.85,0.76,-1.556
1927,"February",1927-02-01,26.68,0.34,28.22,0.12,0.006
1928,"February",1928-02-01,26.38,0.03,28.34,0.24,0.955
1929,"February",1929-02-01,26.26,-0.08,27.91,-0.18,1.686
1930,"February",1930-02-01,26.3,-0.05,28.62,0.52,0.684
1931,"February",1931-02-01,27.53,1.19,29.07,0.97,-1.606
1932,"February",1932-02-01,26.33,-0.02,27.81,-0.28,-0.359
1933,"February",1933-02-01,26.3,-0.05,27.9,-0.2,0.339
1934,"February",1934-02-01,25.66,-0.69,27.19,-0.9,-0.061
1935,"February",1935-02-01,25.7,-0.65,28.01,-0.09,-0.558
1936,"February",1936-02-01,26.72,0.37,28.31,0.21,-0.044
1937,"February",1937-02-01,26.56,0.22,28.38,0.28,-0.594
1938,"February",1938-02-01,26.36,0.01,28.03,-0.07,0.208
1939,"February",1939-02-01,25.44,-0.91,27.48,-0.61,0.656
1940,"February",1940-02-01,27.63,1.28,28.8,0.7,-0.56
1941,"February",1941-02-01,27.63,1.29,28.75,0.66,-1.6
1942,"February",1942-02-01,26.55,0.2,28.54,0.44,-0.515
1943,"February",1943-02-01,25.32,-1.03,27.22,-0.87,0.913
1944,"February",1944-02-01,26.47,0.12,27.92,-0.18,0.3
1945,"February",1945-02-01,26.03,-0.32,27.72,-0.38,0.535
1946,"February",1946-02-01,25.7,-0.65,27.95,-0.14,0.294
1947,"February",1947-02-01,26.19,-0.16,27.96,-0.14,-0.564
1948,"February",1948-02-01,26.67,0.32,27.91,-0.19,-0.406
1949,"February",1949-02-01,26.35,0,28.49,0.4,0.05
1950,"February",1950-02-01,24.75,-1.6,27,-1.1,1.581
1951,"February",1951-02-01,25.91,-0.43,27.14,-0.96,0.474
1952,"February",1952-02-01,26.54,0.2,28.22,0.13,-0.826
1953,"February",1953-02-01,26.59,0.24,28.09,-0.01,-0.717
1954,"February",1954-02-01,26.22,-0.12,28.19,0.09,-0.518
1955,"February",1955-02-01,25.67,-0.68,27.21,-0.89,1.305
1956,"February",1956-02-01,25.42,-0.92,27.13,-0.97,1.103
1957,"February",1957-02-01,26.03,-0.31,28.12,0.02,-0.361
1958,"February",1958-02-01,27.26,0.91,29.27,1.17,-0.776
1959,"February",1959-02-01,26.32,-0.03,28.49,0.39,-1.497
1960,"February",1960-02-01,25.98,-0.37,27.66,-0.44,-0.247
1961,"February",1961-02-01,26.45,0.1,27.97,-0.13,0.585
1962,"February",1962-02-01,26.22,-0.13,27.67,-0.42,-0.414
1963,"February",1963-02-01,25.98,-0.37,27.85,-0.25,0.261
1964,"February",1964-02-01,26.37,0.03,28.43,0.34,-0.129
1965,"February",1965-02-01,25.99,-0.36,27.64,-0.46,0.009
1966,"February",1966-02-01,26.86,0.51,28.67,0.58,-0.536
1967,"February",1967-02-01,25.93,-0.42,27.42,-0.67,1.199
1968,"February",1968-02-01,25.03,-1.32,28.06,-0.03,0.773
1969,"February",1969-02-01,26.67,0.32,29.33,1.23,-0.853
1970,"February",1970-02-01,26.47,0.13,28.5,0.4,-1.219
1971,"February",1971-02-01,24.93,-1.42,27.1,-1,1.442
1972,"February",1972-02-01,26.03,-0.32,28.07,-0.03,0.673
1973,"February",1973-02-01,27.16,0.81,28.7,0.61,-1.466
1974,"February",1974-02-01,25.16,-1.19,26.95,-1.15,1.487
1975,"February",1975-02-01,25.85,-0.5,27.75,-0.35,0.459
1976,"February",1976-02-01,25.33,-1.02,27.13,-0.97,1.185
1977,"February",1977-02-01,26.95,0.61,28.18,0.09,0.647
1978,"February",1978-02-01,26.57,0.23,28.47,0.38,-2.632
1979,"February",1979-02-01,26.15,-0.2,28.4,0.3,0.608
1980,"February",1980-02-01,26.37,0.02,28.7,0.6,-0.017
1981,"February",1981-02-01,25.69,-0.65,28.07,-0.03,-0.469
1982,"February",1982-02-01,26.36,0.01,28.04,-0.06,-0.034
1983,"February",1983-02-01,28.79,2.44,28.82,0.73,-3.463
1984,"February",1984-02-01,25.91,-0.44,27.45,-0.65,0.434
1985,"February",1985-02-01,25.33,-1.02,27.49,-0.6,0.787
1986,"February",1986-02-01,25.81,-0.54,27.87,-0.23,-1.283
1987,"February",1987-02-01,27.32,0.98,28.9,0.8,-1.409
1988,"February",1988-02-01,26.43,0.09,28.54,0.44,-0.645
1989,"February",1989-02-01,25.56,-0.79,26.73,-1.36,0.802
1990,"February",1990-02-01,26.49,0.14,28.52,0.43,-1.785
1991,"February",1991-02-01,26.38,0.03,28.69,0.6,-0.057
1992,"February",1992-02-01,27.56,1.21,28.97,0.88,-1.046
1993,"February",1993-02-01,26.59,0.24,28.56,0.47,-0.958
1994,"February",1994-02-01,26.06,-0.29,28.13,0.03,-0.057
1995,"February",1995-02-01,26.92,0.58,28.99,0.9,-0.345
1996,"February",1996-02-01,25.82,-0.53,27.79,-0.31,-0.022
1997,"February",1997-02-01,25.96,-0.39,28.29,0.19,1.207
1998,"February",1998-02-01,28.85,2.5,28.94,0.85,-1.975
1999,"February",1999-02-01,25.58,-0.77,26.66,-1.43,0.575
2000,"February",2000-02-01,25.2,-1.15,26.71,-1.38,1.236
2001,"February",2001-02-01,25.94,-0.4,27.33,-0.77,1.002
2002,"February",2002-02-01,26.15,-0.2,28.35,0.25,0.644
2003,"February",2003-02-01,26.63,0.28,28.78,0.69,-0.899
2004,"February",2004-02-01,26.49,0.14,28.42,0.32,0.774
2005,"February",2005-02-01,26.24,-0.11,28.7,0.6,-2.99
2006,"February",2006-02-01,25.95,-0.4,27.43,-0.66,-0.115
2007,"February",2007-02-01,26.35,0,28.44,0.35,-0.378
2008,"February",2008-02-01,25.1,-1.25,26.64,-1.46,2.048
2009,"February",2009-02-01,25.86,-0.49,27.57,-0.52,1.375
2010,"February",2010-02-01,27.14,0.79,29.05,0.95,-1.589
2011,"February",2011-02-01,25.51,-0.84,27.08,-1.02,2.116
2012,"February",2012-02-01,26.21,-0.14,27.37,-0.72,0.219
2013,"February",2013-02-01,25.9,-0.45,27.94,-0.15,-0.473
2014,"February",2014-02-01,25.7,-0.65,28.18,0.08,-0.325
2015,"February",2015-02-01,26.51,0.16,28.93,0.84,-0.042
2016,"February",2016-02-01,28.25,1.9,29.4,1.3,-2.094
2017,"February",2017-02-01,26.75,0.4,28.15,0.06,-0.328
1870,"March",1870-03-01,26.35,-0.76,27.28,-1.01,-0.746
1871,"March",1871-03-01,26.65,-0.46,27.84,-0.44,-2
1872,"March",1872-03-01,26.46,-0.65,27.9,-0.39,1.689
1873,"March",1873-03-01,25.6,-1.51,27.2,-1.09,1.627
1874,"March",1874-03-01,25.63,-1.48,27.31,-0.97,-0.52
1875,"March",1875-03-01,26.45,-0.66,27.61,-0.68,-0.997
1876,"March",1876-03-01,25.7,-1.41,27.53,-0.76,-0.102
1877,"March",1877-03-01,27.32,0.22,28.53,0.25,-1.069
1878,"March",1878-03-01,28.28,1.17,29,0.71,-1.857
1879,"March",1879-03-01,26.72,-0.39,28.2,-0.09,1.304
1880,"March",1880-03-01,26.43,-0.68,27.88,-0.41,1.429
1881,"March",1881-03-01,27.14,0.03,28.53,0.24,0.016
1882,"March",1882-03-01,26.4,-0.71,27.92,-0.36,0.409
1883,"March",1883-03-01,26.57,-0.54,28.05,-0.23,-2.938
1884,"March",1884-03-01,27.17,0.07,28.43,0.14,0.882
1885,"March",1885-03-01,27.03,-0.07,28.43,0.14,0.386
1886,"March",1886-03-01,26.39,-0.71,28.63,0.34,0.149
1887,"March",1887-03-01,25.85,-1.25,27.57,-0.71,0.947
1888,"March",1888-03-01,27.2,0.09,28.6,0.32,-1.475
1889,"March",1889-03-01,27.84,0.73,28.71,0.42,-3.196
1890,"March",1890-03-01,26.09,-1.01,27.4,-0.89,1.427
1891,"March",1891-03-01,27.05,-0.06,28.19,-0.09,-1.223
1892,"March",1892-03-01,26.45,-0.66,27.73,-0.56,1.087
1893,"March",1893-03-01,25.8,-1.31,27.5,-0.78,0.32
1894,"March",1894-03-01,26.19,-0.91,27.19,-1.1,0.823
1895,"March",1895-03-01,26.53,-0.57,27.81,-0.48,-0.265
1896,"March",1896-03-01,27.17,0.06,28.29,0,-0.841
1897,"March",1897-03-01,27.61,0.5,28.49,0.2,-2.007
1898,"March",1898-03-01,26.29,-0.82,27.74,-0.55,2.018
1899,"March",1899-03-01,26.73,-0.38,27.58,-0.71,1.383
1900,"March",1900-03-01,28.15,1.04,28.76,0.47,-2.953
1901,"March",1901-03-01,26.86,-0.25,28.4,0.12,0.88
1902,"March",1902-03-01,27.08,-0.03,27.87,-0.41,1.104
1903,"March",1903-03-01,27.47,0.37,28.95,0.67,1.803
1904,"March",1904-03-01,26.16,-0.95,27.82,-0.47,0.888
1905,"March",1905-03-01,28.03,0.92,28.82,0.53,-3.506
1906,"March",1906-03-01,27.34,0.23,29.1,0.82,-0.56
1907,"March",1907-03-01,26.55,-0.56,27.98,-0.31,-0.315
1908,"March",1908-03-01,26.66,-0.45,27.89,-0.39,-0.412
1909,"March",1909-03-01,26.64,-0.47,27.82,-0.47,-0.148
1910,"March",1910-03-01,26.32,-0.79,27.39,-0.89,1.25
1911,"March",1911-03-01,26.35,-0.76,27.53,-0.76,0.223
1912,"March",1912-03-01,27.66,0.56,28.75,0.46,-1.143
1913,"March",1913-03-01,26.99,-0.11,28.4,0.12,0.008
1914,"March",1914-03-01,27.4,0.29,28.45,0.16,0.88
1915,"March",1915-03-01,27.5,0.39,28.71,0.42,-2.495
1916,"March",1916-03-01,26.27,-0.84,28.06,-0.23,-0.835
1917,"March",1917-03-01,26.13,-0.98,27.72,-0.57,1.862
1918,"March",1918-03-01,26.27,-0.84,27.68,-0.61,-0.389
1919,"March",1919-03-01,27.7,0.59,28.99,0.7,-1.565
1920,"March",1920-03-01,27.61,0.5,28.42,0.14,-0.626
1921,"March",1921-03-01,25.97,-1.14,27.27,-1.02,1.072
1922,"March",1922-03-01,26.98,-0.13,28.33,0.04,0.481
1923,"March",1923-03-01,26.05,-1.06,28.06,-0.23,0.844
1924,"March",1924-03-01,27.07,-0.04,28.54,0.25,0.111
1925,"March",1925-03-01,26.98,-0.13,27.55,-0.74,1.522
1926,"March",1926-03-01,28.27,1.16,28.98,0.69,-1.646
1927,"March",1927-03-01,26.93,-0.18,27.95,-0.34,1.841
1928,"March",1928-03-01,26.91,-0.2,28.29,0.01,1.376
1929,"March",1929-03-01,26.99,-0.12,28.13,-0.15,0.407
1930,"March",1930-03-01,27.13,0.02,28.73,0.44,0.039
1931,"March",1931-03-01,28.27,1.16,28.72,0.43,0.445
1932,"March",1932-03-01,27.44,0.33,28.36,0.07,-0.723
1933,"March",1933-03-01,26.93,-0.17,28.08,-0.21,-0.347
1934,"March",1934-03-01,26.44,-0.67,27.23,-1.06,-0.117
1935,"March",1935-03-01,26.79,-0.32,27.94,-0.35,1.205
1936,"March",1936-03-01,26.98,-0.13,28.31,0.03,0.052
1937,"March",1937-03-01,26.88,-0.23,28.84,0.55,0.555
1938,"March",1938-03-01,26.84,-0.27,28.26,-0.03,-0.552
1939,"March",1939-03-01,26.16,-0.95,27.8,-0.49,1.14
1940,"March",1940-03-01,28.2,1.09,28.94,0.65,-1.335
1941,"March",1941-03-01,28.49,1.38,29.2,0.91,-1.333
1942,"March",1942-03-01,27.13,0.02,28.35,0.06,-0.799
1943,"March",1943-03-01,26.03,-1.08,27.62,-0.67,0.291
1944,"March",1944-03-01,26.88,-0.23,28.2,-0.08,0.464
1945,"March",1945-03-01,26.26,-0.85,27.53,-0.76,1.33
1946,"March",1946-03-01,26.5,-0.61,28.05,-0.24,-0.385
1947,"March",1947-03-01,27.26,0.15,28.53,0.24,1.127
1948,"March",1948-03-01,27.6,0.5,28.58,0.3,-0.6
1949,"March",1949-03-01,26.59,-0.52,27.93,-0.36,0.494
1950,"March",1950-03-01,26.15,-0.96,27.37,-0.91,1.788
1951,"March",1951-03-01,26.48,-0.63,27.52,-0.77,-0.706
1952,"March",1952-03-01,27.22,0.11,28.19,-0.09,-0.024
1953,"March",1953-03-01,27.26,0.15,28.53,0.24,-0.786
1954,"March",1954-03-01,26.79,-0.32,28.3,0.01,-0.307
1955,"March",1955-03-01,26.22,-0.88,27.62,-0.67,0.128
1956,"March",1956-03-01,26.43,-0.67,27.43,-0.86,0.893
1957,"March",1957-03-01,27.34,0.23,28.26,-0.03,-0.368
1958,"March",1958-03-01,27.67,0.56,29.26,0.97,-0.315
1959,"March",1959-03-01,27.07,-0.03,28.5,0.21,0.774
1960,"March",1960-03-01,26.96,-0.15,27.93,-0.35,0.474
1961,"March",1961-03-01,26.98,-0.13,28.01,-0.28,-2.473
1962,"March",1962-03-01,26.52,-0.59,27.81,-0.48,-0.322
1963,"March",1963-03-01,27.11,0,28.05,-0.23,0.66
1964,"March",1964-03-01,26.75,-0.36,28.08,-0.21,0.711
1965,"March",1965-03-01,26.94,-0.17,27.74,-0.54,0.242
1966,"March",1966-03-01,27.16,0.05,29.1,0.82,-1.747
1967,"March",1967-03-01,26.64,-0.47,27.88,-0.41,0.648
1968,"March",1968-03-01,25.92,-1.18,27.87,-0.41,-0.556
1969,"March",1969-03-01,27.53,0.42,28.96,0.67,-0.026
1970,"March",1970-03-01,27.01,-0.1,28.55,0.27,0.058
1971,"March",1971-03-01,25.94,-1.17,27.19,-1.1,1.976
1972,"March",1972-03-01,26.91,-0.2,28.28,-0.01,0.128
1973,"March",1973-03-01,27.42,0.31,28.72,0.44,-0.064
1974,"March",1974-03-01,26.17,-0.94,27.14,-1.15,2.105
1975,"March",1975-03-01,26.67,-0.44,27.69,-0.6,1.135
1976,"March",1976-03-01,26.54,-0.57,27.7,-0.59,1.334
1977,"March",1977-03-01,27.51,0.4,28.32,0.03,-1.202
1978,"March",1978-03-01,26.96,-0.14,28.31,0.03,-0.818
1979,"March",1979-03-01,27.02,-0.08,28.51,0.22,-0.488
1980,"March",1980-03-01,26.98,-0.13,28.69,0.4,-1.065
1981,"March",1981-03-01,26.87,-0.24,28.47,0.18,-2.009
1982,"March",1982-03-01,26.99,-0.11,28.47,0.18,0.052
1983,"March",1983-03-01,29.12,2.01,28.8,0.52,-3.255
1984,"March",1984-03-01,26.86,-0.25,27.53,-0.76,-0.847
1985,"March",1985-03-01,26.16,-0.94,27.51,-0.78,0.2
1986,"March",1986-03-01,26.64,-0.47,27.96,-0.33,-0.085
1987,"March",1987-03-01,28.16,1.05,29.15,0.86,-2.026
1988,"March",1988-03-01,27.21,0.1,28.6,0.31,0.126
1989,"March",1989-03-01,26.06,-1.04,27.04,-1.25,0.589
1990,"March",1990-03-01,26.99,-0.12,28.73,0.45,-1.088
1991,"March",1991-03-01,27.11,0,28.72,0.43,-1.35
1992,"March",1992-03-01,28.3,1.19,29.15,0.86,-2.849
1993,"March",1993-03-01,27.47,0.36,28.66,0.37,-1.126
1994,"March",1994-03-01,26.75,-0.36,28.39,0.11,-1.348
1995,"March",1995-03-01,27.17,0.06,29.11,0.82,0.236
1996,"March",1996-03-01,26.82,-0.29,28.09,-0.2,0.527
1997,"March",1997-03-01,27.17,0.06,28.49,0.2,-1.095
1998,"March",1998-03-01,29.14,2.03,28.8,0.51,-3.312
1999,"March",1999-03-01,26.74,-0.37,27.27,-1.02,0.785
2000,"March",2000-03-01,26.28,-0.82,26.95,-1.34,0.882
2001,"March",2001-03-01,27.01,-0.1,27.68,-0.61,0.46
2002,"March",2002-03-01,27.31,0.2,28.55,0.26,-0.807
2003,"March",2003-03-01,27.21,0.1,28.94,0.65,-0.915
2004,"March",2004-03-01,27.05,-0.06,28.36,0.08,-0.108
2005,"March",2005-03-01,26.95,-0.16,28.79,0.51,-0.265
2006,"March",2006-03-01,26.53,-0.58,27.81,-0.48,1.319
2007,"March",2007-03-01,26.75,-0.36,28.44,0.15,-0.305
2008,"March",2008-03-01,26.37,-0.73,27.06,-1.23,1.04
2009,"March",2009-03-01,26.35,-0.76,27.93,-0.35,-0.208
2010,"March",2010-03-01,27.72,0.61,29.19,0.9,-1.399
2011,"March",2011-03-01,26.33,-0.77,27.55,-0.74,2.086
2012,"March",2012-03-01,26.96,-0.15,27.73,-0.56,0.196
2013,"March",2013-03-01,27.14,0.04,28.11,-0.18,1.064
2014,"March",2014-03-01,26.95,-0.16,28.56,0.27,-1.698
2015,"March",2015-03-01,27.18,0.08,29.04,0.76,-1.396
2016,"March",2016-03-01,28.62,1.52,29.44,1.15,-0.755
2017,"March",2017-03-01,27.34,0.24,28.24,-0.05,0.409
1870,"April",1870-04-01,26.7,-0.78,27.5,-1,0.472
1871,"April",1871-04-01,26.91,-0.57,28.1,-0.4,-0.456
1872,"April",1872-04-01,26.62,-0.86,27.82,-0.68,-0.541
1873,"April",1873-04-01,26.62,-0.85,27.78,-0.72,2.285
1874,"April",1874-04-01,26.41,-1.07,27.86,-0.64,0.978
1875,"April",1875-04-01,26.68,-0.79,27.51,-0.99,1.4
1876,"April",1876-04-01,25.99,-1.49,27.63,-0.87,0.936
1877,"April",1877-04-01,27.61,0.13,28.64,0.14,-3.873
1878,"April",1878-04-01,28.32,0.84,29.01,0.51,-1.068
1879,"April",1879-04-01,26.91,-0.56,28.18,-0.32,1.589
1880,"April",1880-04-01,26.88,-0.6,28.07,-0.43,0.788
1881,"April",1881-04-01,27.55,0.07,28.9,0.4,0.429
1882,"April",1882-04-01,27.33,-0.15,28.57,0.07,-0.055
1883,"April",1883-04-01,27.17,-0.31,28.27,-0.23,1.632
1884,"April",1884-04-01,27.79,0.32,28.72,0.22,-1.595
1885,"April",1885-04-01,27.32,-0.16,28.47,-0.03,0.155
1886,"April",1886-04-01,26.76,-0.72,28.54,0.04,0.493
1887,"April",1887-04-01,26.37,-1.1,27.59,-0.92,0.999
1888,"April",1888-04-01,27.59,0.12,28.77,0.27,-2.797
1889,"April",1889-04-01,27.84,0.36,28.64,0.14,0.071
1890,"April",1890-04-01,26.34,-1.14,27.71,-0.79,0.746
1891,"April",1891-04-01,27.65,0.17,28.45,-0.05,0.704
1892,"April",1892-04-01,26.74,-0.74,27.76,-0.74,0.957
1893,"April",1893-04-01,26.24,-1.24,27.35,-1.15,1.442
1894,"April",1894-04-01,26.68,-0.8,27.49,-1.01,1.104
1895,"April",1895-04-01,27.21,-0.27,28.06,-0.44,1.336
1896,"April",1896-04-01,27.48,0,28.35,-0.15,-1.194
1897,"April",1897-04-01,27.26,-0.22,28.27,-0.23,-1.996
1898,"April",1898-04-01,26.78,-0.69,28.14,-0.36,1.336
1899,"April",1899-04-01,27.21,-0.27,28.03,-0.47,0.493
1900,"April",1900-04-01,28.07,0.59,28.87,0.37,-2.101
1901,"April",1901-04-01,27.09,-0.39,28.54,0.04,0.64
1902,"April",1902-04-01,27.7,0.22,28.69,0.19,1.146
1903,"April",1903-04-01,27.37,-0.11,28.87,0.36,2.18
1904,"April",1904-04-01,26.71,-0.76,28.11,-0.4,3.635
1905,"April",1905-04-01,27.62,0.15,28.77,0.27,-3.05
1906,"April",1906-04-01,27.74,0.26,28.74,0.24,-0.836
1907,"April",1907-04-01,26.86,-0.62,28.11,-0.4,-0.836
1908,"April",1908-04-01,26.73,-0.75,28.22,-0.28,1.02
1909,"April",1909-04-01,26.62,-0.86,28.05,-0.45,-1.785
1910,"April",1910-04-01,26.46,-1.01,27.3,-1.2,0.388
1911,"April",1911-04-01,26.41,-1.06,27.48,-1.02,0.05
1912,"April",1912-04-01,28,0.53,28.9,0.4,-2.27
1913,"April",1913-04-01,26.31,-1.16,28.05,-0.45,-0.794
1914,"April",1914-04-01,27.9,0.42,28.91,0.41,-2.27
1915,"April",1915-04-01,28.03,0.56,28.81,0.31,-1.49
1916,"April",1916-04-01,26.53,-0.95,28.39,-0.11,0.008
1917,"April",1917-04-01,27.12,-0.36,27.96,-0.55,2.581
1918,"April",1918-04-01,27.09,-0.39,27.95,-0.55,2.074
1919,"April",1919-04-01,27.98,0.5,29.07,0.57,-0.372
1920,"April",1920-04-01,27.54,0.06,28.34,-0.16,-0.098
1921,"April",1921-04-01,26.83,-0.65,28.14,-0.36,-1.279
1922,"April",1922-04-01,26.98,-0.49,28.1,-0.4,-0.688
1923,"April",1923-04-01,26.92,-0.55,28.47,-0.03,0.809
1924,"April",1924-04-01,27.13,-0.34,28.43,-0.07,-1.954
1925,"April",1925-04-01,27.25,-0.23,27.98,-0.52,1.484
1926,"April",1926-04-01,28.55,1.07,28.91,0.41,-0.752
1927,"April",1927-04-01,27.15,-0.33,28.42,-0.08,0.746
1928,"April",1928-04-01,27.14,-0.34,28.53,0.03,1.442
1929,"April",1929-04-01,27.57,0.09,28.34,-0.16,0.577
1930,"April",1930-04-01,27.78,0.3,28.9,0.4,-0.33
1931,"April",1931-04-01,28.35,0.88,28.93,0.43,1.104
1932,"April",1932-04-01,27.73,0.26,28.37,-0.13,-2.755
1933,"April",1933-04-01,27.44,-0.04,28.32,-0.18,0.472
1934,"April",1934-04-01,27.38,-0.1,27.91,-0.59,0.641
1935,"April",1935-04-01,27.36,-0.12,28,-0.5,0.366
1936,"April",1936-04-01,27.62,0.14,28.71,0.21,2.813
1937,"April",1937-04-01,27.6,0.12,28.48,-0.02,0.176
1938,"April",1938-04-01,27.14,-0.34,28.27,-0.23,0.387
1939,"April",1939-04-01,27.16,-0.32,28.3,-0.2,1.126
1940,"April",1940-04-01,28.28,0.8,28.87,0.36,-0.941
1941,"April",1941-04-01,28.76,1.28,29.49,0.99,-1.195
1942,"April",1942-04-01,27.53,0.05,28.99,0.49,-0.52
1943,"April",1943-04-01,27.01,-0.46,28.05,-0.45,1.589
1944,"April",1944-04-01,27.63,0.15,28.48,-0.02,-0.541
1945,"April",1945-04-01,26.88,-0.6,27.7,-0.8,-0.731
1946,"April",1946-04-01,26.94,-0.53,28.33,-0.17,-1.026
1947,"April",1947-04-01,27.34,-0.13,28.43,-0.07,-0.562
1948,"April",1948-04-01,27.52,0.04,28.6,0.1,0.261
1949,"April",1949-04-01,27.72,0.24,28.45,-0.06,0.282
1950,"April",1950-04-01,26.49,-0.98,27.74,-0.76,1.674
1951,"April",1951-04-01,27.48,0,27.97,-0.53,-1.026
1952,"April",1952-04-01,27.62,0.14,28.75,0.24,-0.731
1953,"April",1953-04-01,28.27,0.79,28.89,0.39,-0.182
1954,"April",1954-04-01,26.31,-1.17,28.54,0.04,0.409
1955,"April",1955-04-01,26.49,-0.99,27.57,-0.93,-0.815
1956,"April",1956-04-01,26.73,-0.75,27.91,-0.59,1.062
1957,"April",1957-04-01,27.82,0.34,28.78,0.28,0.05
1958,"April",1958-04-01,27.54,0.07,28.95,0.45,0.029
1959,"April",1959-04-01,27.6,0.12,28.69,0.19,0.345
1960,"April",1960-04-01,27.17,-0.31,28.42,-0.08,0.788
1961,"April",1961-04-01,27.78,0.3,28.14,-0.36,1.147
1962,"April",1962-04-01,26.71,-0.77,28.24,-0.26,0.303
1963,"April",1963-04-01,27.46,-0.02,28.37,-0.13,0.514
1964,"April",1964-04-01,26.45,-1.03,28.32,-0.18,1.779
1965,"April",1965-04-01,27.58,0.1,28.23,-0.27,-1.342
1966,"April",1966-04-01,27.45,-0.02,28.86,0.35,-0.899
1967,"April",1967-04-01,26.78,-0.69,28.47,-0.04,-0.119
1968,"April",1968-04-01,26.78,-0.7,28.09,-0.41,-0.309
1969,"April",1969-04-01,27.84,0.36,28.98,0.48,-0.899
1970,"April",1970-04-01,27.24,-0.24,28.65,0.15,-0.562
1971,"April",1971-04-01,26.7,-0.78,27.76,-0.74,2.581
1972,"April",1972-04-01,27.8,0.32,28.83,0.33,-0.456
1973,"April",1973-04-01,27.15,-0.33,28.46,-0.04,-0.372
1974,"April",1974-04-01,26.91,-0.57,27.56,-0.94,1.273
1975,"April",1975-04-01,27.21,-0.27,27.78,-0.72,1.484
1976,"April",1976-04-01,27.24,-0.23,27.99,-0.51,0.24
1977,"April",1977-04-01,26.97,-0.51,28.37,-0.13,-1.173
1978,"April",1978-04-01,26.75,-0.72,28.42,-0.08,-0.878
1979,"April",1979-04-01,27.71,0.24,28.57,0.07,-0.646
1980,"April",1980-04-01,27.51,0.04,28.8,0.3,-1.595
1981,"April",1981-04-01,27.14,-0.33,28.42,-0.08,-0.604
1982,"April",1982-04-01,27.68,0.2,28.87,0.37,-0.456
1983,"April",1983-04-01,29.21,1.73,28.76,0.26,-1.405
1984,"April",1984-04-01,27.04,-0.43,27.65,-0.85,0.387
1985,"April",1985-04-01,26.5,-0.98,27.66,-0.84,1.421
1986,"April",1986-04-01,27.03,-0.45,28.23,-0.27,0.113
1987,"April",1987-04-01,28.43,0.95,29.02,0.52,-2.692
1988,"April",1988-04-01,26.73,-0.75,28.24,-0.26,-0.035
1989,"April",1989-04-01,26.6,-0.88,27.53,-0.97,2.18
1990,"April",1990-04-01,27.62,0.14,28.79,0.29,-0.013
1991,"April",1991-04-01,27.38,-0.09,29.05,0.55,-1.553
1992,"April",1992-04-01,28.8,1.32,29.27,0.76,-2.059
1993,"April",1993-04-01,28.4,0.92,29.02,0.52,-2.291
1994,"April",1994-04-01,27.05,-0.43,28.75,0.25,-2.629
1995,"April",1995-04-01,27.25,-0.23,29.05,0.55,-1.722
1996,"April",1996-04-01,26.93,-0.55,28.32,-0.18,0.915
1997,"April",1997-04-01,27.76,0.28,29.04,0.53,-1.553
1998,"April",1998-04-01,28.98,1.51,28.73,0.23,-2.797
1999,"April",1999-04-01,26.85,-0.63,27.62,-0.88,2.096
2000,"April",2000-04-01,27.18,-0.3,27.4,-1.1,1.758
2001,"April",2001-04-01,27.44,-0.03,28.17,-0.33,-0.182
2002,"April",2002-04-01,27.54,0.06,28.87,0.37,-0.477
2003,"April",2003-04-01,27.05,-0.42,28.92,0.42,-0.477
2004,"April",2004-04-01,27.43,-0.04,28.73,0.23,-1.912
2005,"April",2005-04-01,27.62,0.14,28.87,0.37,-1.216
2006,"April",2006-04-01,27.22,-0.26,28.28,-0.22,1.168
2007,"April",2007-04-01,27.03,-0.45,28.6,0.1,-0.351
2008,"April",2008-04-01,27.01,-0.47,27.55,-0.95,0.556
2009,"April",2009-04-01,27.4,-0.07,28.41,-0.09,1.062
2010,"April",2010-04-01,28.01,0.53,29.21,0.7,1.885
2011,"April",2011-04-01,27.12,-0.36,27.81,-0.69,3.024
2012,"April",2012-04-01,27.47,0,28.19,-0.32,-0.646
2013,"April",2013-04-01,27.37,-0.11,28.44,-0.06,0.008
2014,"April",2014-04-01,27.7,0.22,28.83,0.33,0.809
2015,"April",2015-04-01,28.23,0.75,29.52,1.02,-0.267
2016,"April",2016-04-01,28.25,0.78,29.38,0.88,-2.608
2017,"April",2017-04-01,27.9,0.42,28.69,0.19,-0.752
1870,"May",1870-05-01,25.92,-1.15,27.73,-1.08,-0.113
1871,"May",1871-05-01,26.22,-0.84,28.11,-0.7,-0.47
1872,"May",1872-05-01,26.27,-0.8,28.2,-0.61,1.354
1873,"May",1873-05-01,26.25,-0.82,28.27,-0.54,1.185
1874,"May",1874-05-01,26.23,-0.83,28.2,-0.61,1.289
1875,"May",1875-05-01,26.02,-1.04,27.7,-1.1,0.753
1876,"May",1876-05-01,25.62,-1.44,28.1,-0.71,0.745
1877,"May",1877-05-01,27.43,0.37,29.03,0.22,-1.706
1878,"May",1878-05-01,27.72,0.66,29.18,0.37,0.103
1879,"May",1879-05-01,26.06,-1,28.12,-0.69,0.103
1880,"May",1880-05-01,26.36,-0.7,28.21,-0.6,1.225
1881,"May",1881-05-01,26.97,-0.1,29.06,0.25,-0.555
1882,"May",1882-05-01,26.82,-0.24,28.86,0.06,0.347
1883,"May",1883-05-01,26.63,-0.43,28.43,-0.38,1.468
1884,"May",1884-05-01,27.35,0.29,29.35,0.54,0.18
1885,"May",1885-05-01,27.03,-0.04,29.27,0.46,0.014
1886,"May",1886-05-01,25.88,-1.19,28.32,-0.49,0.539
1887,"May",1887-05-01,26.11,-0.96,27.84,-0.97,-0.584
1888,"May",1888-05-01,27.64,0.57,28.95,0.14,-1.12
1889,"May",1889-05-01,27.16,0.09,28.94,0.13,-0.191
1890,"May",1890-05-01,26,-1.07,28.06,-0.75,0.345
1891,"May",1891-05-01,27.33,0.27,28.75,-0.06,0.279
1892,"May",1892-05-01,26.18,-0.89,28.31,-0.5,1.373
1893,"May",1893-05-01,25.89,-1.18,27.59,-1.22,1.76
1894,"May",1894-05-01,26.16,-0.9,27.82,-0.99,-0.857
1895,"May",1895-05-01,26.96,-0.1,28.39,-0.42,0.651
1896,"May",1896-05-01,27.12,0.06,28.74,-0.07,-3.232
1897,"May",1897-05-01,26.87,-0.19,28.56,-0.25,-1.587
1898,"May",1898-05-01,26.39,-0.67,28.33,-0.48,-0.106
1899,"May",1899-05-01,27.11,0.05,28.55,-0.26,-0.756
1900,"May",1900-05-01,27.57,0.51,29.09,0.28,-0.756
1901,"May",1901-05-01,26.51,-0.56,28.72,-0.09,0.08
1902,"May",1902-05-01,27.29,0.23,29.3,0.49,1.407
1903,"May",1903-05-01,26.76,-0.31,28.87,0.06,0.923
1904,"May",1904-05-01,26.82,-0.24,28.2,-0.61,0.996
1905,"May",1905-05-01,28.29,1.23,29.41,0.6,-1.678
1906,"May",1906-05-01,26.89,-0.18,28.78,-0.03,-1.027
1907,"May",1907-05-01,26.37,-0.69,28.53,-0.28,-0.57
1908,"May",1908-05-01,26.26,-0.8,28.64,-0.17,0.18
1909,"May",1909-05-01,26.37,-0.69,28.74,-0.07,0.074
1910,"May",1910-05-01,25.72,-1.35,27.69,-1.12,0.087
1911,"May",1911-05-01,25.75,-1.32,28.14,-0.67,-0.735
1912,"May",1912-05-01,27.15,0.09,28.57,-0.24,-1.122
1913,"May",1913-05-01,26.57,-0.49,28.45,-0.36,-0.565
1914,"May",1914-05-01,26.82,-0.24,28.91,0.11,-1.213
1915,"May",1915-05-01,27.71,0.65,29.17,0.36,1.216
1916,"May",1916-05-01,26.27,-0.8,28.97,0.16,0.432
1917,"May",1917-05-01,26.92,-0.15,28.12,-0.69,2.397
1918,"May",1918-05-01,27.2,0.14,28.37,-0.44,1.088
1919,"May",1919-05-01,27.72,0.65,29.35,0.54,-0.955
1920,"May",1920-05-01,27.09,0.02,28.77,-0.04,-0.398
1921,"May",1921-05-01,26.17,-0.9,28.05,-0.76,-0.011
1922,"May",1922-05-01,26.94,-0.13,28.82,0.01,-0.762
1923,"May",1923-05-01,26.8,-0.27,28.61,-0.2,-0.011
1924,"May",1924-05-01,25.92,-1.14,28.29,-0.52,1.189
1925,"May",1925-05-01,26.85,-0.22,28.36,-0.45,-0.297
1926,"May",1926-05-01,27.88,0.82,29.33,0.52,-0.284
1927,"May",1927-05-01,26.46,-0.61,28.29,-0.52,0.624
1928,"May",1928-05-01,26.78,-0.28,28.85,0.04,-0.085
1929,"May",1929-05-01,27.05,-0.02,28.53,-0.28,-1.2
1930,"May",1930-05-01,26.94,-0.12,28.72,-0.09,0.472
1931,"May",1931-05-01,27.42,0.35,29.27,0.46,1.659
1932,"May",1932-05-01,27.51,0.45,28.74,-0.07,0.087
1933,"May",1933-05-01,26.55,-0.51,28.3,-0.51,0.738
1934,"May",1934-05-01,26.63,-0.44,28.12,-0.69,-0.756
1935,"May",1935-05-01,26.68,-0.38,28.12,-0.69,-0.464
1936,"May",1936-05-01,26.69,-0.37,29.15,0.34,0.267
1937,"May",1937-05-01,26.37,-0.7,28.61,-0.2,0.194
1938,"May",1938-05-01,26.7,-0.37,28.29,-0.52,1.176
1939,"May",1939-05-01,26.9,-0.16,28.62,-0.19,-0.098
1940,"May",1940-05-01,27.28,0.22,29.07,0.27,-1.393
1941,"May",1941-05-01,28.26,1.2,29.8,1,-0.749
1942,"May",1942-05-01,26.77,-0.29,28.66,-0.15,0.247
1943,"May",1943-05-01,26.88,-0.18,28.64,-0.17,0.252
1944,"May",1944-05-01,27.04,-0.02,28.9,0.09,0.015
1945,"May",1945-05-01,27,-0.07,28.11,-0.7,0.023
1946,"May",1946-05-01,26.45,-0.62,28.79,-0.02,-1.192
1947,"May",1947-05-01,26.63,-0.43,28.67,-0.14,-1.243
1948,"May",1948-05-01,27.05,-0.01,29.27,0.46,0.345
1949,"May",1949-05-01,26.95,-0.12,28.62,-0.19,-0.684
1950,"May",1950-05-01,25.74,-1.33,28.02,-0.79,0.554
1951,"May",1951-05-01,26.95,-0.12,28.61,-0.19,-1.293
1952,"May",1952-05-01,26.54,-0.52,28.85,0.04,0.668
1953,"May",1953-05-01,27.43,0.36,29.01,0.2,-2.717
1954,"May",1954-05-01,25.81,-1.25,28.69,-0.12,0.146
1955,"May",1955-05-01,25.55,-1.52,27.94,-0.87,0.876
1956,"May",1956-05-01,26.4,-0.67,28.2,-0.61,1.441
1957,"May",1957-05-01,27.62,0.56,29.27,0.46,-1.179
1958,"May",1958-05-01,26.91,-0.16,29.38,0.57,-1.391
1959,"May",1959-05-01,26.92,-0.15,29.01,0.2,0.139
1960,"May",1960-05-01,26.89,-0.17,28.66,-0.15,0.303
1961,"May",1961-05-01,27.12,0.06,28.58,-0.23,0.18
1962,"May",1962-05-01,26.34,-0.73,28.4,-0.41,1.104
1963,"May",1963-05-01,27.13,0.06,28.66,-0.14,0.139
1964,"May",1964-05-01,25.68,-1.38,28.43,-0.38,-0.019
1965,"May",1965-05-01,27.6,0.54,28.61,-0.2,-0.034
1966,"May",1966-05-01,26.46,-0.6,29.06,0.25,-0.715
1967,"May",1967-05-01,26.65,-0.41,28.96,0.15,-0.406
1968,"May",1968-05-01,26.21,-0.85,28.45,-0.36,1.212
1969,"May",1969-05-01,27.72,0.65,29.13,0.32,-0.777
1970,"May",1970-05-01,26.44,-0.62,29.04,0.23,0.038
1971,"May",1971-05-01,26.19,-0.87,28.15,-0.66,0.882
1972,"May",1972-05-01,27.55,0.49,29.28,0.47,-1.522
1973,"May",1973-05-01,26.17,-0.89,28.73,-0.08,0.252
1974,"May",1974-05-01,26.69,-0.37,28.05,-0.76,1.238
1975,"May",1975-05-01,26.14,-0.93,27.93,-0.88,0.51
1976,"May",1976-05-01,27,-0.07,28.29,-0.52,0.501
1977,"May",1977-05-01,26.84,-0.22,28.7,-0.11,-1.185
1978,"May",1978-05-01,26.26,-0.81,28.75,-0.06,1.498
1979,"May",1979-05-01,27.15,0.08,28.68,-0.13,0.459
1980,"May",1980-05-01,27.14,0.07,29.16,0.35,-0.349
1981,"May",1981-05-01,26.85,-0.21,28.76,-0.05,0.817
1982,"May",1982-05-01,27.7,0.63,29.33,0.52,-0.735
1983,"May",1983-05-01,29.02,1.96,29.1,0.29,0.787
1984,"May",1984-05-01,26.3,-0.77,27.96,-0.85,-0.034
1985,"May",1985-05-01,25.96,-1.11,28.06,-0.75,-0.146
1986,"May",1986-05-01,26.43,-0.63,28.59,-0.22,-0.635
1987,"May",1987-05-01,28.13,1.07,29.37,0.56,-2.116
1988,"May",1988-05-01,25.76,-1.3,28.23,-0.58,1.088
1989,"May",1989-05-01,26.28,-0.78,28.07,-0.74,1.447
1990,"May",1990-05-01,27.3,0.24,29.05,0.24,1.411
1991,"May",1991-05-01,27.44,0.37,29.37,0.56,-1.744
1992,"May",1992-05-01,28.44,1.38,29.53,0.72,0.059
1993,"May",1993-05-01,28.12,1.05,29.33,0.52,-0.593
1994,"May",1994-05-01,26.85,-0.21,29.08,0.27,-1.264
1995,"May",1995-05-01,26.54,-0.53,29.3,0.49,-0.914
1996,"May",1996-05-01,26.53,-0.53,28.59,-0.22,0.465
1997,"May",1997-05-01,28.13,1.07,29.48,0.67,-2.408
1998,"May",1998-05-01,28.31,1.25,29,0.19,0.173
1999,"May",1999-05-01,26.48,-0.59,27.97,-0.84,0.436
2000,"May",2000-05-01,26.57,-0.5,27.89,-0.92,0.415
2001,"May",2001-05-01,26.76,-0.31,28.58,-0.23,-0.836
2002,"May",2002-05-01,27.22,0.15,29.18,0.37,-1.543
2003,"May",2003-05-01,26.17,-0.89,28.9,0.09,-0.849
2004,"May",2004-05-01,26.75,-0.32,29.1,0.29,1.217
2005,"May",2005-05-01,27.31,0.25,29.09,0.28,-1.458
2006,"May",2006-05-01,26.93,-0.14,28.81,0,-0.957
2007,"May",2007-05-01,26.3,-0.76,28.76,-0.05,-0.299
2008,"May",2008-05-01,26.87,-0.19,27.96,-0.85,-0.25
2009,"May",2009-05-01,27.4,0.34,28.97,0.16,-0.862
2010,"May",2010-05-01,27.06,-0.01,28.91,0.1,0.853
2011,"May",2011-05-01,26.84,-0.23,28.28,-0.53,0.465
2012,"May",2012-05-01,27.07,0.01,28.53,-0.28,-0.385
2013,"May",2013-05-01,26.39,-0.67,28.75,-0.06,0.903
2014,"May",2014-05-01,27.61,0.55,29.22,0.41,0.723
2015,"May",2015-05-01,28.06,0.99,29.78,0.97,-1.044
2016,"May",2016-05-01,27.27,0.21,29.44,0.63,0.216
2017,"May",2017-05-01,27.37,0.31,29.1,0.29,0.23
1870,"June",1870-06-01,25.46,-0.99,27.71,-1.11,-1.103
1871,"June",1871-06-01,25.93,-0.52,28.11,-0.71,0.245
1872,"June",1872-06-01,25.84,-0.61,28.03,-0.79,2.454
1873,"June",1873-06-01,26.06,-0.39,28.06,-0.76,-3.09
1874,"June",1874-06-01,25.67,-0.78,28.15,-0.66,-1.923
1875,"June",1875-06-01,25.8,-0.65,27.77,-1.04,2.573
1876,"June",1876-06-01,25.81,-0.64,28.23,-0.59,1.976
1877,"June",1877-06-01,26.96,0.51,29.29,0.47,-4.344
1878,"June",1878-06-01,27.18,0.73,29.46,0.65,-0.587
1879,"June",1879-06-01,25.89,-0.56,27.81,-1,1.849
1880,"June",1880-06-01,25.8,-0.65,28.1,-0.71,0.973
1881,"June",1881-06-01,26.51,0.06,28.89,0.08,-0.783
1882,"June",1882-06-01,25.75,-0.7,28.66,-0.16,-1.754
1883,"June",1883-06-01,26.37,-0.08,28.43,-0.38,0.257
1884,"June",1884-06-01,26.41,-0.04,28.61,-0.21,0.984
1885,"June",1885-06-01,26.25,-0.2,28.88,0.07,-1.911
1886,"June",1886-06-01,25.17,-1.28,28.09,-0.72,0.429
1887,"June",1887-06-01,26.07,-0.38,28.2,-0.61,0.465
1888,"June",1888-06-01,27.05,0.6,28.86,0.05,-2.155
1889,"June",1889-06-01,26.46,0.01,28.41,-0.4,2.493
1890,"June",1890-06-01,25.53,-0.92,27.76,-1.05,0.449
1891,"June",1891-06-01,26.91,0.46,28.64,-0.17,-0.284
1892,"June",1892-06-01,25.77,-0.68,28.2,-0.61,2.253
1893,"June",1893-06-01,25.51,-0.94,27.45,-1.36,2.149
1894,"June",1894-06-01,25.81,-0.64,27.83,-0.98,-0.008
1895,"June",1895-06-01,26.31,-0.14,28.24,-0.57,-1.255
1896,"June",1896-06-01,26.54,0.09,28.36,-0.45,-2.987
1897,"June",1897-06-01,26.4,-0.05,28.56,-0.25,-0.159
1898,"June",1898-06-01,25.94,-0.51,28.36,-0.46,-0.507
1899,"June",1899-06-01,26.65,0.2,28.43,-0.39,-1.427
1900,"June",1900-06-01,27.29,0.84,28.99,0.18,3.096
1901,"June",1901-06-01,25.99,-0.46,28.47,-0.34,2.3
1902,"June",1902-06-01,27.33,0.88,29.25,0.44,0.236
1903,"June",1903-06-01,26.5,0.05,29.2,0.39,-0.215
1904,"June",1904-06-01,26.69,0.24,28.55,-0.26,-1.011
1905,"June",1905-06-01,27.33,0.88,29.01,0.2,-2.295
1906,"June",1906-06-01,26.45,0,28.78,-0.04,-0.715
1907,"June",1907-06-01,26.13,-0.32,28.55,-0.26,0.449
1908,"June",1908-06-01,26.37,-0.08,28.27,-0.54,-0.631
1909,"June",1909-06-01,25.18,-1.27,27.96,-0.85,2.633
1910,"June",1910-06-01,25.62,-0.83,27.59,-1.23,2.493
1911,"June",1911-06-01,25.91,-0.54,27.91,-0.9,-1.552
1912,"June",1912-06-01,26.29,-0.16,28.53,-0.29,-0.991
1913,"June",1913-06-01,26.3,-0.15,28.22,-0.59,-0.596
1914,"June",1914-06-01,26.42,-0.03,28.72,-0.1,-2.639
1915,"June",1915-06-01,27.87,1.42,29.36,0.54,2.68
1916,"June",1916-06-01,25.64,-0.81,28.76,-0.05,0.746
1917,"June",1917-06-01,26.6,0.15,28.2,-0.62,2.389
1918,"June",1918-06-01,27.25,0.8,28.69,-0.13,-0.783
1919,"June",1919-06-01,27.13,0.68,29.09,0.28,-1.463
1920,"June",1920-06-01,26.66,0.21,28.95,0.14,0.399
1921,"June",1921-06-01,26.29,-0.16,28.19,-0.62,4.073
1922,"June",1922-06-01,25.82,-0.63,28.35,-0.46,0.449
1923,"June",1923-06-01,26.41,-0.04,28.53,-0.28,-0.174
1924,"June",1924-06-01,25.55,-0.9,28.49,-0.33,0.845
1925,"June",1925-06-01,26.79,0.34,28.15,-0.66,-0.819
1926,"June",1926-06-01,26.99,0.54,29.17,0.35,-1.047
1927,"June",1927-06-01,26.19,-0.26,28.54,-0.27,0.913
1928,"June",1928-06-01,25.92,-0.53,28.72,-0.09,-1.151
1929,"June",1929-06-01,26.59,0.14,28.8,-0.01,0.064
1930,"June",1930-06-01,26.68,0.23,28.89,0.07,-0.839
1931,"June",1931-06-01,26.59,0.14,29.3,0.48,2.232
1932,"June",1932-06-01,26.88,0.43,28.63,-0.18,-0.263
1933,"June",1933-06-01,25.71,-0.74,27.95,-0.87,-0.679
1934,"June",1934-06-01,26.27,-0.18,28.25,-0.56,1.121
1935,"June",1935-06-01,25.91,-0.54,28.25,-0.56,-0.423
1936,"June",1936-06-01,25.89,-0.56,28.57,-0.24,-0.367
1937,"June",1937-06-01,26.05,-0.4,28.38,-0.43,0.221
1938,"June",1938-06-01,25.25,-1.2,28.07,-0.74,2.009
1939,"June",1939-06-01,26.71,0.26,28.47,-0.35,-0.367
1940,"June",1940-06-01,26.87,0.42,29.25,0.44,-2.488
1941,"June",1941-06-01,27.15,0.7,29.33,0.52,-1.888
1942,"June",1942-06-01,25.65,-0.8,28.53,-0.29,0.797
1943,"June",1943-06-01,26.48,0.03,28.61,-0.2,-1.127
1944,"June",1944-06-01,26.54,0.09,28.75,-0.06,-0.608
1945,"June",1945-06-01,26.18,-0.27,28.02,-0.79,0.797
1946,"June",1946-06-01,26.01,-0.44,29.14,0.33,-1.323
1947,"June",1947-06-01,26.35,-0.1,29.2,0.38,0.165
1948,"June",1948-06-01,26.17,-0.28,29.2,0.39,-0.759
1949,"June",1949-06-01,25.61,-0.84,28.27,-0.55,-1.599
1950,"June",1950-06-01,25.44,-1.01,28.19,-0.62,3.057
1951,"June",1951-06-01,26.72,0.27,28.42,-0.39,-0.522
1952,"June",1952-06-01,25.72,-0.73,28.52,-0.29,0.777
1953,"June",1953-06-01,26.95,0.5,28.95,0.13,-0.471
1954,"June",1954-06-01,25.12,-1.33,28.34,-0.47,-0.495
1955,"June",1955-06-01,25.04,-1.41,28,-0.81,1.626
1956,"June",1956-06-01,25.83,-0.62,27.87,-0.94,1.257
1957,"June",1957-06-01,27.35,0.9,28.77,-0.05,-0.367
1958,"June",1958-06-01,26.49,0.04,29.09,0.27,-0.266
1959,"June",1959-06-01,26.02,-0.43,28.51,-0.3,-0.955
1960,"June",1960-06-01,26.12,-0.33,28.39,-0.42,-0.471
1961,"June",1961-06-01,26.54,0.09,28.58,-0.23,-0.527
1962,"June",1962-06-01,25.9,-0.55,28.58,-0.23,0.369
1963,"June",1963-06-01,26.84,0.39,28.43,-0.38,-1.3
1964,"June",1964-06-01,25.22,-1.23,28.16,-0.65,0.717
1965,"June",1965-06-01,27.16,0.71,28.72,-0.09,-1.632
1966,"June",1966-06-01,26.13,-0.32,29.03,0.21,0.144
1967,"June",1967-06-01,26.33,-0.12,28.77,-0.04,0.673
1968,"June",1968-06-01,26.36,-0.09,28.7,-0.11,1.273
1969,"June",1969-06-01,27.12,0.67,28.79,-0.03,-0.239
1970,"June",1970-06-01,25.59,-0.86,28.74,-0.07,1.017
1971,"June",1971-06-01,25.64,-0.81,28.07,-0.74,0.212
1972,"June",1972-06-01,27.38,0.93,29.16,0.35,-1.683
1973,"June",1973-06-01,25.49,-0.96,28.26,-0.56,1.222
1974,"June",1974-06-01,26.23,-0.22,28.01,-0.81,0.141
1975,"June",1975-06-01,25.35,-1.1,27.79,-1.02,1.685
1976,"June",1976-06-01,27.06,0.61,28.36,-0.46,-0.159
1977,"June",1977-06-01,26.61,0.16,28.93,0.12,-2.327
1978,"June",1978-06-01,25.75,-0.7,28.48,-0.33,0.402
1979,"June",1979-06-01,26.75,0.3,28.67,-0.15,0.58
1980,"June",1980-06-01,26.8,0.35,29.05,0.24,-0.679
1981,"June",1981-06-01,26.42,-0.03,28.53,-0.28,1.281
1982,"June",1982-06-01,27.34,0.89,29.43,0.62,-2.488
1983,"June",1983-06-01,28.19,1.74,28.85,0.03,-0.584
1984,"June",1984-06-01,25.35,-1.1,28.03,-0.78,-1.219
1985,"June",1985-06-01,25.6,-0.85,28.07,-0.74,-1.395
1986,"June",1986-06-01,26.18,-0.27,28.86,0.05,1.014
1987,"June",1987-06-01,27.57,1.12,29.57,0.76,-2.687
1988,"June",1988-06-01,24.6,-1.85,28.04,-0.77,-0.2
1989,"June",1989-06-01,26.03,-0.42,27.98,-0.84,0.812
1990,"June",1990-06-01,26.46,0.01,28.91,0.1,-0.067
1991,"June",1991-06-01,27.13,0.68,29.4,0.58,-0.792
1992,"June",1992-06-01,26.9,0.45,29.2,0.38,-1.823
1993,"June",1993-06-01,27.08,0.63,29.23,0.41,-2.176
1994,"June",1994-06-01,26.43,-0.02,29.18,0.37,-1.463
1995,"June",1995-06-01,26.22,-0.23,29.24,0.43,-0.308
1996,"June",1996-06-01,26.11,-0.34,28.78,-0.04,1.596
1997,"June",1997-06-01,28.13,1.68,29.34,0.53,-3.016
1998,"June",1998-06-01,26.54,0.09,28.55,-0.27,1.053
1999,"June",1999-06-01,25.76,-0.69,28.04,-0.78,0.004
2000,"June",2000-06-01,25.7,-0.75,28.14,-0.67,-0.872
2001,"June",2001-06-01,26.21,-0.24,28.77,-0.05,-0.195
2002,"June",2002-06-01,26.87,0.42,29.41,0.59,-1.023
2003,"June",2003-06-01,25.95,-0.5,29.01,0.19,-1.751
2004,"June",2004-06-01,26.26,-0.19,29.12,0.3,-1.908
2005,"June",2005-06-01,26.63,0.18,29.05,0.24,0.105
2006,"June",2006-06-01,26.43,-0.02,28.98,0.16,-0.976
2007,"June",2007-06-01,25.94,-0.51,28.85,0.04,0.138
2008,"June",2008-06-01,26.4,-0.04,28.15,-0.66,0.34
2009,"June",2009-06-01,27.16,0.71,29.16,0.34,-0.447
2010,"June",2010-06-01,25.92,-0.53,28.56,-0.25,0.236
2011,"June",2011-06-01,26.54,0.09,28.39,-0.42,-0.04
2012,"June",2012-06-01,26.95,0.5,28.66,-0.16,-1.507
2013,"June",2013-06-01,25.74,-0.71,28.69,-0.12,1.453
2014,"June",2014-06-01,27.36,0.91,29.2,0.39,-0.459
2015,"June",2015-06-01,27.99,1.54,29.86,1.05,-1.715
2016,"June",2016-06-01,26.56,0.11,29.27,0.45,0.441
2017,"June",2017-06-01,26.51,0.06,29.15,0.34,-1.392
1870,"July",1870-07-01,24.57,-1.01,27.79,-0.98,0.172
1871,"July",1871-07-01,25.07,-0.51,27.91,-0.87,0.313
1872,"July",1872-07-01,25.19,-0.4,28.03,-0.75,2.301
1873,"July",1873-07-01,25.12,-0.46,28.06,-0.71,-1.141
1874,"July",1874-07-01,24.48,-1.11,27.94,-0.83,-0.144
1875,"July",1875-07-01,24.73,-0.86,27.59,-1.18,-0.485
1876,"July",1876-07-01,25.16,-0.42,28.11,-0.66,-0.509
1877,"July",1877-07-01,26.96,1.37,29.31,0.53,-0.957
1878,"July",1878-07-01,25.86,0.27,28.75,-0.03,1.597
1879,"July",1879-07-01,24.97,-0.62,27.74,-1.03,2.192
1880,"July",1880-07-01,25.14,-0.45,28.12,-0.66,0.212
1881,"July",1881-07-01,25.35,-0.24,28.44,-0.33,-0.509
1882,"July",1882-07-01,24.66,-0.93,28.43,-0.34,-2.125
1883,"July",1883-07-01,25.66,0.07,28.52,-0.26,-1.011
1884,"July",1884-07-01,25.84,0.26,28.83,0.06,-0.276
1885,"July",1885-07-01,25.3,-0.28,28.71,-0.07,-0.446
1886,"July",1886-07-01,24.56,-1.02,27.84,-0.93,0.741
1887,"July",1887-07-01,25.24,-0.34,28.24,-0.54,0.525
1888,"July",1888-07-01,26.19,0.61,28.9,0.12,-1.643
1889,"July",1889-07-01,24.86,-0.73,28.16,-0.62,0.178
1890,"July",1890-07-01,24.71,-0.88,27.7,-1.08,-0.23
1891,"July",1891-07-01,25.89,0.31,28.4,-0.37,-0.578
1892,"July",1892-07-01,24.93,-0.66,28.01,-0.76,0.781
1893,"July",1893-07-01,24.59,-1,27.08,-1.7,1.876
1894,"July",1894-07-01,24.99,-0.6,27.81,-0.97,0.471
1895,"July",1895-07-01,25.4,-0.18,28.23,-0.54,-0.747
1896,"July",1896-07-01,25.95,0.37,28.92,0.14,-1.39
1897,"July",1897-07-01,25.55,-0.03,28.7,-0.08,-0.19
1898,"July",1898-07-01,25.06,-0.52,28.17,-0.61,0.649
1899,"July",1899-07-01,25.47,-0.12,28.64,-0.14,-0.531
1900,"July",1900-07-01,26.3,0.71,29,0.22,1.017
1901,"July",1901-07-01,25.09,-0.5,28.45,-0.32,1.508
1902,"July",1902-07-01,27.1,1.52,29.34,0.57,0.207
1903,"July",1903-07-01,25.11,-0.47,28.52,-0.26,0.601
1904,"July",1904-07-01,26.45,0.86,28.79,0.02,-0.87
1905,"July",1905-07-01,26.39,0.8,29.36,0.58,-2.105
1906,"July",1906-07-01,24.72,-0.87,28.64,-0.14,0.678
1907,"July",1907-07-01,24.8,-0.79,28.36,-0.41,-0.031
1908,"July",1908-07-01,24.83,-0.76,28.11,-0.66,1.433
1909,"July",1909-07-01,24.55,-1.04,27.85,-0.93,1.083
1910,"July",1910-07-01,24.88,-0.7,27.67,-1.11,2.065
1911,"July",1911-07-01,25.59,0.01,28.03,-0.75,-1.258
1912,"July",1912-07-01,25.26,-0.33,28.65,-0.12,-0.049
1913,"July",1913-07-01,25.53,-0.05,28.09,-0.68,-0.124
1914,"July",1914-07-01,26.16,0.57,28.84,0.06,-0.974
1915,"July",1915-07-01,25.7,0.12,28.82,0.04,2.528
1916,"July",1916-07-01,24.07,-1.52,28.03,-0.74,2.574
1917,"July",1917-07-01,25.85,0.27,28.24,-0.54,2.827
1918,"July",1918-07-01,26.15,0.57,28.44,-0.34,-1.379
1919,"July",1919-07-01,26.07,0.48,28.78,0.01,-0.87
1920,"July",1920-07-01,25.24,-0.35,28.88,0.1,0.922
1921,"July",1921-07-01,25.34,-0.25,28.32,-0.46,0.29
1922,"July",1922-07-01,24.8,-0.79,28.66,-0.11,0.233
1923,"July",1923-07-01,25.68,0.09,28.34,-0.43,-1.115
1924,"July",1924-07-01,24.55,-1.03,28.22,-0.55,0.781
1925,"July",1925-07-01,26.4,0.82,28.73,-0.04,-1.313
1926,"July",1926-07-01,26.29,0.71,28.94,0.16,-0.086
1927,"July",1927-07-01,25.13,-0.45,28.52,-0.26,0.167
1928,"July",1928-07-01,25.34,-0.25,28.53,-0.24,-0.02
1929,"July",1929-07-01,25.45,-0.13,28.81,0.04,0.207
1930,"July",1930-07-01,26.36,0.77,29,0.22,-0.399
1931,"July",1931-07-01,25.88,0.29,29.07,0.3,0.979
1932,"July",1932-07-01,25.66,0.08,28.27,-0.51,-1.522
1933,"July",1933-07-01,24.89,-0.69,28.15,-0.63,0.376
1934,"July",1934-07-01,25.13,-0.45,28.12,-0.66,0.299
1935,"July",1935-07-01,24.77,-0.81,28.14,-0.64,-0.02
1936,"July",1936-07-01,25.28,-0.31,28.49,-0.29,0.431
1937,"July",1937-07-01,25.53,-0.06,28.77,0,-0.531
1938,"July",1938-07-01,24.03,-1.56,28.11,-0.67,1.867
1939,"July",1939-07-01,25.72,0.14,28.71,-0.07,0.839
1940,"July",1940-07-01,25.55,-0.04,29.09,0.31,-1.502
1941,"July",1941-07-01,26.06,0.47,29.35,0.58,-1.997
1942,"July",1942-07-01,24.57,-1.01,28.45,-0.33,-0.078
1943,"July",1943-07-01,25.59,0.01,28.65,-0.13,0.302
1944,"July",1944-07-01,25.69,0.11,28.8,0.03,-0.848
1945,"July",1945-07-01,25.2,-0.38,28.21,-0.57,0.39
1946,"July",1946-07-01,25.27,-0.31,28.88,0.11,-0.985
1947,"July",1947-07-01,25.2,-0.39,28.41,-0.37,0.979
1948,"July",1948-07-01,25.23,-0.35,28.59,-0.19,0.095
1949,"July",1949-07-01,24.89,-0.69,28.39,-0.39,-0.149
1950,"July",1950-07-01,24.55,-1.04,27.8,-0.98,2.137
1951,"July",1951-07-01,26.72,1.14,28.75,-0.03,-1.33
1952,"July",1952-07-01,24.82,-0.76,28.36,-0.42,0.511
1953,"July",1953-07-01,25.81,0.22,28.9,0.12,-0.058
1954,"July",1954-07-01,24.23,-1.35,28.09,-0.69,0.362
1955,"July",1955-07-01,24.33,-1.26,27.7,-1.08,1.795
1956,"July",1956-07-01,24.82,-0.76,27.92,-0.85,1.187
1957,"July",1957-07-01,26.77,1.19,28.86,0.08,0.178
1958,"July",1958-07-01,25.58,-0.01,28.82,0.05,0.23
1959,"July",1959-07-01,25.21,-0.38,28.58,-0.19,-0.465
1960,"July",1960-07-01,25.29,-0.3,28.41,-0.37,0.497
1961,"July",1961-07-01,24.91,-0.67,28.39,-0.39,0.184
1962,"July",1962-07-01,25.2,-0.39,28.4,-0.38,-0.037
1963,"July",1963-07-01,26.42,0.84,28.81,0.04,-0.132
1964,"July",1964-07-01,24.94,-0.65,28.07,-0.71,0.618
1965,"July",1965-07-01,26.53,0.94,28.85,0.07,-2.321
1966,"July",1966-07-01,25.41,-0.18,29.17,0.39,-0.149
1967,"July",1967-07-01,25.17,-0.42,28.69,-0.09,0.175
1968,"July",1968-07-01,25.85,0.26,28.67,-0.1,0.767
1969,"July",1969-07-01,25.88,0.3,28.78,0.01,-0.727
1970,"July",1970-07-01,23.91,-1.68,28.54,-0.24,-0.52
1971,"July",1971-07-01,24.97,-0.62,27.94,-0.83,0.167
1972,"July",1972-07-01,26.91,1.33,29.07,0.3,-1.844
1973,"July",1973-07-01,24.33,-1.25,28.03,-0.75,0.626
1974,"July",1974-07-01,25.36,-0.22,27.87,-0.9,1.229
1975,"July",1975-07-01,24.71,-0.88,27.37,-1.4,2.129
1976,"July",1976-07-01,26.44,0.85,28.29,-0.49,-1.238
1977,"July",1977-07-01,25.74,0.15,29.14,0.36,-1.453
1978,"July",1978-07-01,24.86,-0.72,28.53,-0.25,0.529
1979,"July",1979-07-01,25.55,-0.04,28.71,-0.06,-0.764
1980,"July",1980-07-01,25.49,-0.1,28.95,0.17,-0.144
1981,"July",1981-07-01,25.24,-0.34,28.35,-0.42,0.873
1982,"July",1982-07-01,26.21,0.62,29,0.22,-1.89
1983,"July",1983-07-01,26.61,1.03,28.44,-0.34,-0.704
1984,"July",1984-07-01,25,-0.59,28.27,-0.51,0.121
1985,"July",1985-07-01,24.69,-0.9,28.34,-0.43,-0.198
1986,"July",1986-07-01,25.62,0.03,28.92,0.15,0.241
1987,"July",1987-07-01,26.92,1.34,29.45,0.68,-1.816
1988,"July",1988-07-01,23.81,-1.77,27.86,-0.92,1.166
1989,"July",1989-07-01,25.31,-0.27,28.19,-0.58,0.948
1990,"July",1990-07-01,25.5,-0.08,29.05,0.27,0.572
1991,"July",1991-07-01,26.33,0.74,29.27,0.5,-0.072
1992,"July",1992-07-01,25.57,-0.01,29.16,0.38,-0.629
1993,"July",1993-07-01,25.72,0.13,29.16,0.38,-1.06
1994,"July",1994-07-01,25.21,-0.38,29.37,0.59,-1.703
1995,"July",1995-07-01,25.49,-0.1,29.02,0.25,0.437
1996,"July",1996-07-01,25.33,-0.26,28.59,-0.18,0.695
1997,"July",1997-07-01,27.85,2.27,29.49,0.71,-0.905
1998,"July",1998-07-01,25.41,-0.17,28.33,-0.45,1.488
1999,"July",1999-07-01,24.94,-0.64,27.96,-0.82,0.517
2000,"July",2000-07-01,25,-0.58,28.2,-0.58,-0.345
2001,"July",2001-07-01,25.42,-0.17,28.94,0.17,-0.27
2002,"July",2002-07-01,25.86,0.27,29.36,0.59,-0.696
2003,"July",2003-07-01,25.6,0.01,29.02,0.25,0.258
2004,"July",2004-07-01,25.56,-0.03,29.26,0.49,-0.715
2005,"July",2005-07-01,25.71,0.12,28.88,0.1,0.057
2006,"July",2006-07-01,25.58,-0.01,28.99,0.21,-0.899
2007,"July",2007-07-01,24.95,-0.63,28.67,-0.1,-0.443
2008,"July",2008-07-01,25.91,0.33,28.32,-0.45,0.195
2009,"July",2009-07-01,26.47,0.89,29.24,0.46,0.184
2010,"July",2010-07-01,24.75,-0.84,28.17,-0.61,1.953
2011,"July",2011-07-01,25.64,0.06,28.31,-0.47,1.111
2012,"July",2012-07-01,26.42,0.83,28.72,-0.06,-0.152
2013,"July",2013-07-01,25.02,-0.56,28.66,-0.11,0.764
2014,"July",2014-07-01,26.15,0.56,29.01,0.23,-0.256
2015,"July",2015-07-01,27.46,1.87,29.82,1.04,-1.414
2016,"July",2016-07-01,25.34,-0.24,29.01,0.24,0.448
2017,"July",2017-07-01,25.66,0.08,29.07,0.29,0.847
1870,"August",1870-08-01,24.11,-0.89,27.82,-0.86,0.979
1871,"August",1871-08-01,24.66,-0.34,28.12,-0.55,0.382
1872,"August",1872-08-01,24.17,-0.83,27.55,-1.13,0.986
1873,"August",1873-08-01,24.65,-0.35,28.06,-0.62,-0.586
1874,"August",1874-08-01,23.76,-1.24,27.8,-0.88,0.753
1875,"August",1875-08-01,24.24,-0.76,27.54,-1.13,-0.212
1876,"August",1876-08-01,24.77,-0.23,28.2,-0.47,1.082
1877,"August",1877-08-01,26.58,1.58,29.23,0.55,-1.058
1878,"August",1878-08-01,24.9,-0.1,28.37,-0.3,1.124
1879,"August",1879-08-01,24.43,-0.57,27.81,-0.86,2.201
1880,"August",1880-08-01,24.91,-0.09,28.05,-0.62,1.261
1881,"August",1881-08-01,24.68,-0.32,28.5,-0.18,-1.395
1882,"August",1882-08-01,24.29,-0.71,28.54,-0.13,-2.743
1883,"August",1883-08-01,24.89,-0.11,28.31,-0.37,0.063
1884,"August",1884-08-01,25.28,0.28,28.69,0.01,-0.633
1885,"August",1885-08-01,25.03,0.03,28.83,0.15,-1.135
1886,"August",1886-08-01,23.91,-1.1,27.69,-0.98,1.33
1887,"August",1887-08-01,24.27,-0.73,28.12,-0.55,0.333
1888,"August",1888-08-01,25.74,0.73,28.96,0.28,-1.093
1889,"August",1889-08-01,24.03,-0.97,27.99,-0.68,0.046
1890,"August",1890-08-01,23.93,-1.07,27.14,-1.53,-0.417
1891,"August",1891-08-01,25.1,0.1,28.39,-0.29,-1.197
1892,"August",1892-08-01,24.33,-0.67,27.8,-0.88,0.484
1893,"August",1893-08-01,24.03,-0.97,27.02,-1.66,0.602
1894,"August",1894-08-01,24.34,-0.66,27.83,-0.84,-1.405
1895,"August",1895-08-01,25.29,0.29,28.67,0,-1.019
1896,"August",1896-08-01,26.03,1.03,29.17,0.49,-2.548
1897,"August",1897-08-01,24.81,-0.19,28.59,-0.09,-0.105
1898,"August",1898-08-01,24.38,-0.62,27.83,-0.85,0.719
1899,"August",1899-08-01,25.89,0.89,28.71,0.03,-1.177
1900,"August",1900-08-01,25.58,0.58,28.94,0.26,0.751
1901,"August",1901-08-01,24.46,-0.54,28.46,-0.21,0.795
1902,"August",1902-08-01,26.28,1.28,29.11,0.44,-1.093
1903,"August",1903-08-01,24.39,-0.61,28.77,0.09,-0.147
1904,"August",1904-08-01,25.81,0.81,28.73,0.06,-0.105
1905,"August",1905-08-01,26.23,1.22,29.24,0.56,-0.964
1906,"August",1906-08-01,24.14,-0.86,28.75,0.07,1.426
1907,"August",1907-08-01,23.95,-1.05,28.36,-0.31,-1.048
1908,"August",1908-08-01,24.53,-0.47,28.14,-0.54,0.204
1909,"August",1909-08-01,23.84,-1.16,27.6,-1.08,0.892
1910,"August",1910-08-01,24.28,-0.72,27.6,-1.08,0.892
1911,"August",1911-08-01,25.23,0.23,27.64,-1.04,-1.415
1912,"August",1912-08-01,24.58,-0.42,28.34,-0.34,-0.942
1913,"August",1913-08-01,25.07,0.06,28.03,-0.65,-0.92
1914,"August",1914-08-01,25.98,0.98,29.01,0.33,-1.84
1915,"August",1915-08-01,25.01,0.01,28.67,-0.01,1.298
1916,"August",1916-08-01,23.28,-1.72,27.52,-1.16,1.513
1917,"August",1917-08-01,25.31,0.31,28.27,-0.41,3.483
1918,"August",1918-08-01,25.6,0.6,28.56,-0.11,-0.642
1919,"August",1919-08-01,25.59,0.59,28.88,0.2,-0.9
1920,"August",1920-08-01,24.98,-0.02,28.72,0.05,0.442
1921,"August",1921-08-01,24.4,-0.6,28.51,-0.17,-0.878
1922,"August",1922-08-01,23.81,-1.19,28.25,-0.42,-0.276
1923,"August",1923-08-01,25.07,0.07,28.56,-0.12,-2.14
1924,"August",1924-08-01,24.2,-0.8,27.92,-0.76,0.882
1925,"August",1925-08-01,25.86,0.86,28.79,0.12,-1.241
1926,"August",1926-08-01,25.09,0.09,28.71,0.03,-0.92
1927,"August",1927-08-01,24.8,-0.2,28.59,-0.08,-0.749
1928,"August",1928-08-01,24.61,-0.39,28.52,-0.16,0.795
1929,"August",1929-08-01,25.05,0.05,28.59,-0.08,-0.17
1930,"August",1930-08-01,25.93,0.93,28.75,0.07,-0.385
1931,"August",1931-08-01,24.83,-0.17,28.91,0.23,-0.504
1932,"August",1932-08-01,25.17,0.17,28.49,-0.19,-0.9
1933,"August",1933-08-01,24.15,-0.86,27.83,-0.85,-0.234
1934,"August",1934-08-01,24.84,-0.16,27.9,-0.78,-2.444
1935,"August",1935-08-01,25,0,28.57,-0.1,0.001
1936,"August",1936-08-01,24.65,-0.36,28.44,-0.24,-0.996
1937,"August",1937-08-01,24.59,-0.41,28.53,-0.15,0.204
1938,"August",1938-08-01,23.96,-1.04,27.85,-0.83,1.243
1939,"August",1939-08-01,25.18,0.18,28.43,-0.24,-0.108
1940,"August",1940-08-01,25.69,0.68,28.87,0.19,-2.11
1941,"August",1941-08-01,25.69,0.69,29.18,0.51,-2.197
1942,"August",1942-08-01,23.73,-1.27,28.16,-0.51,0.298
1943,"August",1943-08-01,25.03,0.03,28.73,0.06,0.691
1944,"August",1944-08-01,24.99,-0.01,28.73,0.05,0.13
1945,"August",1945-08-01,24.45,-0.55,28.11,-0.57,1.063
1946,"August",1946-08-01,24.04,-0.96,28.6,-0.07,-0.635
1947,"August",1947-08-01,24.48,-0.52,28.49,-0.19,0.657
1948,"August",1948-08-01,24.97,-0.03,28.43,-0.25,-0.546
1949,"August",1949-08-01,24.42,-0.58,28.48,-0.2,-0.635
1950,"August",1950-08-01,24.49,-0.51,27.69,-0.99,1.142
1951,"August",1951-08-01,26.26,1.26,28.82,0.14,-0.749
1952,"August",1952-08-01,24.45,-0.55,28.33,-0.34,-0.383
1953,"August",1953-08-01,25.04,0.04,28.67,0,-1.892
1954,"August",1954-08-01,23.67,-1.33,27.95,-0.72,0.899
1955,"August",1955-08-01,24.21,-0.79,27.86,-0.81,1.379
1956,"August",1956-08-01,24.33,-0.67,27.93,-0.75,1.05
1957,"August",1957-08-01,26.14,1.14,28.8,0.13,-1.078
1958,"August",1958-08-01,25.08,0.08,28.96,0.29,0.721
1959,"August",1959-08-01,24.5,-0.5,28.61,-0.06,-0.677
1960,"August",1960-08-01,25.03,0.03,28.26,-0.41,0.526
1961,"August",1961-08-01,24.41,-0.59,28.29,-0.39,-0.162
1962,"August",1962-08-01,24.9,-0.1,28.33,-0.34,0.258
1963,"August",1963-08-01,25.9,0.9,28.94,0.27,-0.432
1964,"August",1964-08-01,23.97,-1.03,27.78,-0.89,1.32
1965,"August",1965-08-01,26.32,1.32,28.95,0.28,-1.365
1966,"August",1966-08-01,24.5,-0.5,28.91,0.24,0.189
1967,"August",1967-08-01,24.29,-0.71,28.42,-0.25,0.439
1968,"August",1968-08-01,25.38,0.38,28.65,-0.03,-0.204
1969,"August",1969-08-01,25.6,0.6,29.04,0.36,-0.707
1970,"August",1970-08-01,23.51,-1.49,28.18,-0.49,0.305
1971,"August",1971-08-01,24.19,-0.81,27.81,-0.87,1.421
1972,"August",1972-08-01,27.02,2.02,28.87,0.19,-1.115
1973,"August",1973-08-01,23.78,-1.22,27.72,-0.95,1.179
1974,"August",1974-08-01,25.04,0.04,27.94,-0.73,0.555
1975,"August",1975-08-01,24.37,-0.63,27.06,-1.62,2.03
1976,"August",1976-08-01,25.97,0.97,28.22,-0.45,-1.459
1977,"August",1977-08-01,24.79,-0.21,29.07,0.39,-1.422
1978,"August",1978-08-01,24.28,-0.72,28.31,-0.37,0.12
1979,"August",1979-08-01,25.47,0.47,28.54,-0.13,-0.692
1980,"August",1980-08-01,24.82,-0.18,28.59,-0.09,-0.056
1981,"August",1981-08-01,24.68,-0.32,28.36,-0.31,0.404
1982,"August",1982-08-01,26.12,1.12,28.93,0.26,-2.662
1983,"August",1983-08-01,25.83,0.83,28.31,-0.36,-0.365
1984,"August",1984-08-01,24.5,-0.5,28.11,-0.57,0.098
1985,"August",1985-08-01,24.21,-0.79,28.37,-0.3,0.662
1986,"August",1986-08-01,24.98,-0.03,29,0.32,-0.853
1987,"August",1987-08-01,26.43,1.43,29.39,0.71,-1.667
1988,"August",1988-08-01,23.44,-1.56,27.78,-0.89,1.362
1989,"August",1989-08-01,24.49,-0.51,28.06,-0.61,-0.821
1990,"August",1990-08-01,25,0,29.03,0.35,-0.707
1991,"August",1991-08-01,25.29,0.29,29.18,0.51,-1.066
1992,"August",1992-08-01,24.66,-0.35,28.83,0.15,-0.011
1993,"August",1993-08-01,25.01,0.01,28.99,0.31,-1.726
1994,"August",1994-08-01,24.81,-0.19,29.47,0.79,-2.033
1995,"August",1995-08-01,24.42,-0.58,28.72,0.04,-0.105
1996,"August",1996-08-01,24.72,-0.28,28.39,-0.28,0.325
1997,"August",1997-08-01,27.75,2.75,29.44,0.76,-2.306
1998,"August",1998-08-01,24.73,-0.27,28.04,-0.64,0.825
1999,"August",1999-08-01,24.26,-0.74,27.76,-0.92,-0.029
2000,"August",2000-08-01,24.63,-0.38,28.24,-0.44,0.484
2001,"August",2001-08-01,24.72,-0.28,28.89,0.21,-1.014
2002,"August",2002-08-01,25.34,0.34,29.3,0.62,-1.622
2003,"August",2003-08-01,25.07,0.07,28.89,0.22,-0.348
2004,"August",2004-08-01,25.25,0.25,29.23,0.55,-0.9
2005,"August",2005-08-01,25.09,0.09,28.77,0.1,-0.972
2006,"August",2006-08-01,25.36,0.36,29.12,0.45,-1.754
2007,"August",2007-08-01,24.04,-0.96,28.51,-0.17,0.008
2008,"August",2008-08-01,25.54,0.54,28.31,-0.37,0.637
2009,"August",2009-08-01,25.72,0.72,29.29,0.62,-0.59
2010,"August",2010-08-01,23.93,-1.07,27.55,-1.12,1.77
2011,"August",2011-08-01,24.6,-0.4,28.1,-0.58,0.065
2012,"August",2012-08-01,25.75,0.75,28.96,0.28,-0.744
2013,"August",2013-08-01,24.52,-0.48,28.7,0.02,-0.227
2014,"August",2014-08-01,25.37,0.37,29,0.33,-1.424
2015,"August",2015-08-01,27.08,2.08,29.73,1.05,-2.147
2016,"August",2016-08-01,24.5,-0.5,28.69,0.02,0.404
2017,"August",2017-08-01,24.63,-0.37,28.84,0.17,0.167
1870,"September",1870-09-01,24.09,-0.81,28.25,-0.44,-0.002
1871,"September",1871-09-01,24.59,-0.31,28.23,-0.45,0.576
1872,"September",1872-09-01,23.97,-0.93,27.54,-1.15,3.142
1873,"September",1873-09-01,24.43,-0.47,28.07,-0.62,-2.134
1874,"September",1874-09-01,23.76,-1.14,27.48,-1.21,2.031
1875,"September",1875-09-01,24.08,-0.82,27.5,-1.19,0.826
1876,"September",1876-09-01,24.88,-0.02,28.3,-0.39,0.98
1877,"September",1877-09-01,26.97,2.08,29.28,0.6,-1.71
1878,"September",1878-09-01,24.49,-0.41,28.18,-0.5,1.695
1879,"September",1879-09-01,24.19,-0.71,27.84,-0.84,1.795
1880,"September",1880-09-01,25.15,0.26,28.13,-0.56,0.734
1881,"September",1881-09-01,24.49,-0.4,28.33,-0.35,-1.352
1882,"September",1882-09-01,24.43,-0.47,28.08,-0.6,-1.444
1883,"September",1883-09-01,24.66,-0.24,28.32,-0.37,-0.81
1884,"September",1884-09-01,25.19,0.29,28.64,-0.05,-0.702
1885,"September",1885-09-01,25.25,0.35,28.89,0.21,-0.431
1886,"September",1886-09-01,23.84,-1.06,27.59,-1.09,1.282
1887,"September",1887-09-01,24.62,-0.28,28.13,-0.55,0.451
1888,"September",1888-09-01,25.97,1.07,28.41,-0.28,-0.938
1889,"September",1889-09-01,24.01,-0.89,27.85,-0.84,1.051
1890,"September",1890-09-01,23.93,-0.97,27.16,-1.52,0.883
1891,"September",1891-09-01,24.72,-0.18,28.34,-0.34,-1.077
1892,"September",1892-09-01,23.85,-1.04,27.46,-1.23,0.007
1893,"September",1893-09-01,24,-0.9,27.09,-1.6,1.212
1894,"September",1894-09-01,24.11,-0.78,27.41,-1.28,-0.241
1895,"September",1895-09-01,25.37,0.48,28.59,-0.1,-0.522
1896,"September",1896-09-01,25.86,0.96,29.16,0.47,-1.877
1897,"September",1897-09-01,24.54,-0.36,28.54,-0.15,-0.004
1898,"September",1898-09-01,24.6,-0.29,28.01,-0.68,0.878
1899,"September",1899-09-01,25.69,0.79,28.5,-0.19,-0.189
1900,"September",1900-09-01,25.32,0.42,28.86,0.17,-1.612
1901,"September",1901-09-01,24.46,-0.43,28.19,-0.49,-1.579
1902,"September",1902-09-01,26.23,1.34,29.46,0.78,-1.762
1903,"September",1903-09-01,24.14,-0.75,28.37,-0.32,0.814
1904,"September",1904-09-01,25.07,0.17,28.56,-0.12,-0.01
1905,"September",1905-09-01,26.27,1.38,29.6,0.92,-0.697
1906,"September",1906-09-01,24,-0.9,27.87,-0.81,1.748
1907,"September",1907-09-01,24.99,0.1,28.52,-0.16,-0.068
1908,"September",1908-09-01,24.22,-0.68,28.15,-0.54,1.666
1909,"September",1909-09-01,23.83,-1.07,27.81,-0.88,0.064
1910,"September",1910-09-01,23.89,-1.01,27.26,-1.42,1.46
1911,"September",1911-09-01,25.65,0.75,28.06,-0.63,-0.875
1912,"September",1912-09-01,25.1,0.21,28.46,-0.22,-0.397
1913,"September",1913-09-01,25.01,0.11,28.44,-0.25,-0.95
1914,"September",1914-09-01,25.85,0.96,28.81,0.13,-1.474
1915,"September",1915-09-01,24.96,0.06,28.7,0.01,1.344
1916,"September",1916-09-01,23.41,-1.49,27.43,-1.26,0.417
1917,"September",1917-09-01,24.99,0.09,28.15,-0.53,2.843
1918,"September",1918-09-01,25.62,0.72,28.8,0.12,-0.852
1919,"September",1919-09-01,25.43,0.53,28.73,0.05,-0.592
1920,"September",1920-09-01,24.97,0.07,28.72,0.03,0.468
1921,"September",1921-09-01,24.52,-0.38,28.26,-0.42,0.456
1922,"September",1922-09-01,24.14,-0.76,28.27,-0.42,0.463
1923,"September",1923-09-01,25.45,0.55,28.8,0.11,-1.457
1924,"September",1924-09-01,23.95,-0.94,27.9,-0.79,0.744
1925,"September",1925-09-01,25.73,0.83,28.89,0.21,-0.657
1926,"September",1926-09-01,24.67,-0.23,28.66,-0.03,0.117
1927,"September",1927-09-01,24.88,-0.01,28.4,-0.28,-0.073
1928,"September",1928-09-01,24.69,-0.21,28.4,-0.28,0.744
1929,"September",1929-09-01,25.29,0.39,28.62,-0.06,-0.073
1930,"September",1930-09-01,26.21,1.32,29.14,0.46,-0.719
1931,"September",1931-09-01,24.4,-0.5,28.3,-0.39,0.353
1932,"September",1932-09-01,24.85,-0.04,28.47,-0.22,-0.863
1933,"September",1933-09-01,24.2,-0.7,27.72,-0.97,0.168
1934,"September",1934-09-01,24.76,-0.14,27.96,-0.72,-0.644
1935,"September",1935-09-01,25.08,0.18,28.51,-0.17,0.59
1936,"September",1936-09-01,24.9,0,28.49,-0.2,0.232
1937,"September",1937-09-01,25.18,0.28,28.42,-0.26,0.042
1938,"September",1938-09-01,24.31,-0.59,28.32,-0.37,0.686
1939,"September",1939-09-01,24.97,0.08,29.16,0.47,-0.95
1940,"September",1940-09-01,25.01,0.12,28.65,-0.03,-1.947
1941,"September",1941-09-01,25.55,0.65,29.04,0.36,-0.826
1942,"September",1942-09-01,23.61,-1.29,27.96,-0.72,0.815
1943,"September",1943-09-01,24.53,-0.37,28.44,-0.25,0.527
1944,"September",1944-09-01,24.73,-0.16,28.6,-0.08,0.217
1945,"September",1945-09-01,24.42,-0.47,28.17,-0.51,0.802
1946,"September",1946-09-01,24.61,-0.29,28.86,0.18,-1.575
1947,"September",1947-09-01,24.02,-0.88,27.97,-0.71,1.097
1948,"September",1948-09-01,24.55,-0.34,28.46,-0.23,-0.76
1949,"September",1949-09-01,23.97,-0.92,27.81,-0.87,0.169
1950,"September",1950-09-01,23.78,-1.11,27.73,-0.96,0.632
1951,"September",1951-09-01,25.76,0.87,28.78,0.09,-1.168
1952,"September",1952-09-01,24.27,-0.62,28.69,0,-0.239
1953,"September",1953-09-01,25.59,0.7,28.97,0.29,-1.353
1954,"September",1954-09-01,23.55,-1.35,27.87,-0.81,0.168
1955,"September",1955-09-01,23.46,-1.44,27.76,-0.92,1.395
1956,"September",1956-09-01,24.18,-0.71,27.66,-1.02,0.061
1957,"September",1957-09-01,25.58,0.68,28.96,0.27,-1.006
1958,"September",1958-09-01,24.69,-0.21,28.49,-0.2,-0.344
1959,"September",1959-09-01,24.47,-0.42,28.56,-0.13,-0.005
1960,"September",1960-09-01,25.02,0.13,28.36,-0.33,0.653
1961,"September",1961-09-01,23.96,-0.93,28.22,-0.46,0.107
1962,"September",1962-09-01,24.35,-0.55,28.17,-0.52,0.525
1963,"September",1963-09-01,25.53,0.63,28.83,0.14,-0.597
1964,"September",1964-09-01,24.13,-0.77,27.46,-1.23,1.287
1965,"September",1965-09-01,26.15,1.25,28.98,0.3,-1.414
1966,"September",1966-09-01,24.46,-0.44,28.82,0.13,-0.239
1967,"September",1967-09-01,23.95,-0.95,28.25,-0.44,0.439
1968,"September",1968-09-01,25.19,0.29,28.43,-0.26,-0.358
1969,"September",1969-09-01,25.58,0.68,29.07,0.38,-1.1
1970,"September",1970-09-01,23.83,-1.07,28.11,-0.58,1.177
1971,"September",1971-09-01,24.14,-0.76,27.62,-1.06,1.512
1972,"September",1972-09-01,26.54,1.64,28.91,0.23,-1.477
1973,"September",1973-09-01,23.72,-1.18,27.48,-1.21,1.271
1974,"September",1974-09-01,24.67,-0.23,27.8,-0.89,1.163
1975,"September",1975-09-01,23.84,-1.06,26.76,-1.92,2.151
1976,"September",1976-09-01,25.84,0.94,28.63,-0.05,-1.292
1977,"September",1977-09-01,24.9,0.01,29.17,0.49,-0.946
1978,"September",1978-09-01,24.43,-0.47,28.24,-0.45,0.058
1979,"September",1979-09-01,25.7,0.81,28.53,-0.15,0.113
1980,"September",1980-09-01,24.86,-0.04,28.59,-0.1,-0.538
1981,"September",1981-09-01,24.93,0.04,28.52,-0.17,0.52
1982,"September",1982-09-01,26.7,1.81,29.06,0.38,-2.122
1983,"September",1983-09-01,25.08,0.18,28.05,-0.64,0.913
1984,"September",1984-09-01,24.51,-0.39,28.34,-0.34,0.171
1985,"September",1985-09-01,24.16,-0.74,28.38,-0.3,0.002
1986,"September",1986-09-01,25.22,0.32,29.18,0.49,-0.529
1987,"September",1987-09-01,26.53,1.63,29.51,0.83,-1.128
1988,"September",1988-09-01,23.5,-1.4,27.66,-1.03,1.919
1989,"September",1989-09-01,24.58,-0.32,28.3,-0.38,0.517
1990,"September",1990-09-01,25,0.11,28.95,0.26,-0.779
1991,"September",1991-09-01,25,0.1,28.99,0.31,-1.643
1992,"September",1992-09-01,24.54,-0.35,28.79,0.11,0.064
1993,"September",1993-09-01,24.98,0.09,29.07,0.38,-0.78
1994,"September",1994-09-01,24.91,0.01,29.26,0.58,-1.704
1995,"September",1995-09-01,24.2,-0.7,28.6,-0.09,0.281
1996,"September",1996-09-01,24.56,-0.33,28.43,-0.26,0.656
1997,"September",1997-09-01,27.74,2.84,29.55,0.86,-1.552
1998,"September",1998-09-01,24.44,-0.46,27.99,-0.7,1.036
1999,"September",1999-09-01,23.96,-0.94,27.93,-0.76,-0.072
2000,"September",2000-09-01,24.59,-0.31,28.29,-0.4,0.973
2001,"September",2001-09-01,24.22,-0.67,28.97,0.29,0.112
2002,"September",2002-09-01,25.4,0.51,29.3,0.62,-0.658
2003,"September",2003-09-01,24.92,0.02,28.95,0.26,-0.183
2004,"September",2004-09-01,25.23,0.33,29.4,0.72,-0.314
2005,"September",2005-09-01,24.65,-0.25,28.79,0.1,0.339
2006,"September",2006-09-01,25.61,0.71,29.26,0.57,-0.604
2007,"September",2007-09-01,23.6,-1.29,28.13,-0.56,0.117
2008,"September",2008-09-01,24.93,0.03,28.23,-0.45,1.264
2009,"September",2009-09-01,25.66,0.76,29.27,0.59,0.351
2010,"September",2010-09-01,23.56,-1.34,27.41,-1.28,2.436
2011,"September",2011-09-01,24.22,-0.68,28.01,-0.68,1.137
2012,"September",2012-09-01,25.29,0.39,28.97,0.28,0.22
2013,"September",2013-09-01,24.68,-0.22,28.68,0,0.405
2014,"September",2014-09-01,25.26,0.36,29.15,0.47,-0.658
2015,"September",2015-09-01,27.25,2.36,29.8,1.12,-1.65
2016,"September",2016-09-01,24.71,-0.19,28.52,-0.16,1.278
2017,"September",2017-09-01,24.01,-0.88,28.59,-0.1,0.622
1870,"October",1870-10-01,23.68,-1.25,28.17,-0.51,-0.578
1871,"October",1871-10-01,24.55,-0.37,28.25,-0.43,-0.138
1872,"October",1872-10-01,23.81,-1.12,27.77,-0.9,1.895
1873,"October",1873-10-01,23.97,-0.95,27.89,-0.79,-1.775
1874,"October",1874-10-01,23.7,-1.23,27.4,-1.27,2.193
1875,"October",1875-10-01,24.01,-0.91,27.75,-0.93,0.929
1876,"October",1876-10-01,25.16,0.24,28.41,-0.27,-1
1877,"October",1877-10-01,27.07,2.14,29.48,0.8,-1.697
1878,"October",1878-10-01,24.33,-0.59,28.06,-0.61,0.937
1879,"October",1879-10-01,24.07,-0.86,27.67,-1,1.525
1880,"October",1880-10-01,25.27,0.34,28.38,-0.3,0.561
1881,"October",1881-10-01,24.5,-0.43,28.3,-0.38,-2.599
1882,"October",1882-10-01,24.3,-0.62,28.11,-0.56,-0.093
1883,"October",1883-10-01,24.45,-0.48,28.5,-0.18,0.355
1884,"October",1884-10-01,25.29,0.36,28.57,-0.1,0.381
1885,"October",1885-10-01,25.3,0.37,29.14,0.46,-1.922
1886,"October",1886-10-01,23.81,-1.12,27.73,-0.95,1.301
1887,"October",1887-10-01,24.67,-0.26,28.33,-0.34,0.506
1888,"October",1888-10-01,26.43,1.51,29.44,0.77,-1.611
1889,"October",1889-10-01,23.69,-1.24,27.45,-1.23,0.285
1890,"October",1890-10-01,23.85,-1.07,27.41,-1.26,0.174
1891,"October",1891-10-01,24.72,-0.2,28.51,-0.16,0.054
1892,"October",1892-10-01,23.29,-1.63,27.22,-1.46,0.852
1893,"October",1893-10-01,23.9,-1.03,27.15,-1.52,0.626
1894,"October",1894-10-01,24.21,-0.72,27.69,-0.98,0.31
1895,"October",1895-10-01,25.46,0.54,28.42,-0.25,-0.817
1896,"October",1896-10-01,25.86,0.93,29.08,0.4,-2.008
1897,"October",1897-10-01,24.45,-0.47,28.2,-0.48,0.099
1898,"October",1898-10-01,24.64,-0.29,28.21,-0.47,0.344
1899,"October",1899-10-01,25.92,1,29.15,0.48,0.743
1900,"October",1900-10-01,25.07,0.15,28.93,0.26,-2.125
1901,"October",1901-10-01,24.59,-0.34,28.31,-0.37,-2.689
1902,"October",1902-10-01,26.48,1.56,29.33,0.66,-0.766
1903,"October",1903-10-01,24.25,-0.67,28.41,-0.27,0.299
1904,"October",1904-10-01,25.9,0.97,29.1,0.42,-0.108
1905,"October",1905-10-01,25.92,0.99,29.08,0.4,-0.828
1906,"October",1906-10-01,24.13,-0.8,27.85,-0.83,0.807
1907,"October",1907-10-01,24.48,-0.45,28.08,-0.59,-0.435
1908,"October",1908-10-01,24.46,-0.47,28.1,-0.58,0.721
1909,"October",1909-10-01,23.62,-1.31,27.51,-1.17,0.203
1910,"October",1910-10-01,24.08,-0.85,27.48,-1.2,1.044
1911,"October",1911-10-01,25.4,0.47,28.18,-0.5,-1.3
1912,"October",1912-10-01,24.77,-0.16,28.3,-0.38,-0.973
1913,"October",1913-10-01,25.27,0.34,28.25,-0.43,-1.018
1914,"October",1914-10-01,25.43,0.51,28.73,0.05,-0.729
1915,"October",1915-10-01,24.89,-0.03,28.82,0.15,0.948
1916,"October",1916-10-01,23.37,-1.56,27.65,-1.02,0.359
1917,"October",1917-10-01,24.86,-0.07,28.36,-0.31,1.512
1918,"October",1918-10-01,26.04,1.11,29.04,0.36,-0.621
1919,"October",1919-10-01,25.03,0.1,28.42,-0.26,-1.255
1920,"October",1920-10-01,24.86,-0.07,29.1,0.42,-0.687
1921,"October",1921-10-01,24.91,-0.02,28.47,-0.21,0.974
1922,"October",1922-10-01,24.53,-0.39,28.19,-0.48,0.551
1923,"October",1923-10-01,25.35,0.42,29.05,0.38,-0.721
1924,"October",1924-10-01,24.52,-0.4,27.95,-0.72,0.626
1925,"October",1925-10-01,25.76,0.83,28.98,0.3,-1.496
1926,"October",1926-10-01,24.69,-0.23,28.29,-0.38,0.244
1927,"October",1927-10-01,25.06,0.13,28.59,-0.08,-0.55
1928,"October",1928-10-01,24.65,-0.27,28.41,-0.26,0.766
1929,"October",1929-10-01,25.19,0.26,28.73,0.05,0.803
1930,"October",1930-10-01,26.31,1.39,29.1,0.42,0.461
1931,"October",1931-10-01,24.85,-0.08,28.31,-0.36,-1.002
1932,"October",1932-10-01,24.85,-0.08,28.54,-0.14,-0.687
1933,"October",1933-10-01,23.96,-0.97,27.45,-1.23,0.174
1934,"October",1934-10-01,24.7,-0.22,28.09,-0.59,0.381
1935,"October",1935-10-01,25,0.07,28.74,0.06,0.596
1936,"October",1936-10-01,25.36,0.43,28.77,0.09,-0.112
1937,"October",1937-10-01,24.67,-0.26,28.46,-0.22,-0.394
1938,"October",1938-10-01,24.22,-0.71,27.83,-0.84,1.367
1939,"October",1939-10-01,24.7,-0.23,28,-0.68,-1.707
1940,"October",1940-10-01,25.12,0.19,28.98,0.3,-1.801
1941,"October",1941-10-01,25.84,0.91,29.26,0.59,-2.286
1942,"October",1942-10-01,23.42,-1.5,27.9,-0.78,0.696
1943,"October",1943-10-01,24.71,-0.22,28.19,-0.49,0.794
1944,"October",1944-10-01,24.58,-0.35,28.58,-0.1,-1.03
1945,"October",1945-10-01,24.32,-0.61,28.23,-0.44,0.211
1946,"October",1946-10-01,24.58,-0.34,28.76,0.08,-1.384
1947,"October",1947-10-01,24.22,-0.7,27.89,-0.79,-0.351
1948,"October",1948-10-01,24.16,-0.77,28.38,-0.29,0.537
1949,"October",1949-10-01,23.81,-1.11,27.95,-0.72,0.385
1950,"October",1950-10-01,24.05,-0.88,27.62,-1.06,1.682
1951,"October",1951-10-01,25.95,1.03,28.82,0.15,-1.439
1952,"October",1952-10-01,24.66,-0.27,28.55,-0.12,0.117
1953,"October",1953-10-01,24.94,0.01,28.67,0,-0.183
1954,"October",1954-10-01,23.65,-1.28,27.92,-0.76,0.085
1955,"October",1955-10-01,23.23,-1.7,27.2,-1.48,1.514
1956,"October",1956-10-01,24.32,-0.6,27.81,-0.87,1.921
1957,"October",1957-10-01,25.76,0.83,29.09,0.41,-0.087
1958,"October",1958-10-01,24.66,-0.27,28.73,0.06,-0.558
1959,"October",1959-10-01,25.03,0.11,28.52,-0.16,0.34
1960,"October",1960-10-01,24.58,-0.35,28.42,-0.25,-0.196
1961,"October",1961-10-01,24,-0.92,28.06,-0.62,-0.73
1962,"October",1962-10-01,24.43,-0.5,28.27,-0.41,0.948
1963,"October",1963-10-01,25.71,0.78,29.07,0.4,-1.456
1964,"October",1964-10-01,24.01,-0.92,27.48,-1.19,1.259
1965,"October",1965-10-01,26.3,1.37,29.27,0.59,-1.218
1966,"October",1966-10-01,24.62,-0.31,28.69,0.01,-0.325
1967,"October",1967-10-01,23.96,-0.96,28.48,-0.2,-0.169
1968,"October",1968-10-01,25.19,0.26,28.86,0.18,-0.353
1969,"October",1969-10-01,25.75,0.82,29.05,0.38,-1.355
1970,"October",1970-10-01,24.05,-0.87,27.99,-0.69,0.741
1971,"October",1971-10-01,23.85,-1.08,28.07,-0.61,1.752
1972,"October",1972-10-01,26.85,1.92,29.39,0.71,-1.134
1973,"October",1973-10-01,23.58,-1.35,27.37,-1.3,0.85
1974,"October",1974-10-01,24.3,-0.63,27.72,-0.96,0.723
1975,"October",1975-10-01,23.71,-1.22,26.74,-1.93,1.67
1976,"October",1976-10-01,26.02,1.1,28.83,0.15,0.13
1977,"October",1977-10-01,25.48,0.55,29.16,0.48,-1.386
1978,"October",1978-10-01,24.78,-0.14,28.37,-0.31,-0.76
1979,"October",1979-10-01,25.5,0.57,28.7,0.02,-0.367
1980,"October",1980-10-01,24.66,-0.26,28.78,0.1,-0.337
1981,"October",1981-10-01,25.04,0.11,28.55,-0.13,-0.705
1982,"October",1982-10-01,27.27,2.34,29.53,0.85,-2.204
1983,"October",1983-10-01,24.44,-0.49,27.81,-0.86,0.34
1984,"October",1984-10-01,24.07,-0.86,27.98,-0.7,-0.607
1985,"October",1985-10-01,24.09,-0.84,28.39,-0.28,-0.76
1986,"October",1986-10-01,25.7,0.77,29.23,0.56,0.535
1987,"October",1987-10-01,26.16,1.23,29.61,0.94,-0.691
1988,"October",1988-10-01,23.06,-1.86,27.09,-1.58,1.346
1989,"October",1989-10-01,24.56,-0.36,28.29,-0.38,0.61
1990,"October",1990-10-01,24.86,-0.06,29.1,0.42,-0.171
1991,"October",1991-10-01,25.57,0.64,29.39,0.72,-1.55
1992,"October",1992-10-01,24.58,-0.34,28.7,0.02,-2.03
1993,"October",1993-10-01,25.13,0.21,29,0.32,-1.568
1994,"October",1994-10-01,25.55,0.62,29.46,0.79,-1.582
1995,"October",1995-10-01,24.2,-0.73,28.39,-0.28,-0.335
1996,"October",1996-10-01,24.53,-0.39,28.49,-0.19,0.258
1997,"October",1997-10-01,28.04,3.11,29.51,0.83,-1.685
1998,"October",1998-10-01,24.19,-0.74,27.66,-1.02,1.005
1999,"October",1999-10-01,23.77,-1.16,27.84,-0.84,0.946
2000,"October",2000-10-01,24.45,-0.48,28.19,-0.48,0.866
2001,"October",2001-10-01,24.39,-0.53,28.84,0.16,-0.376
2002,"October",2002-10-01,25.86,0.93,29.48,0.8,-0.787
2003,"October",2003-10-01,25.31,0.39,29.17,0.49,-0.265
2004,"October",2004-10-01,25.4,0.47,29.42,0.75,-0.423
2005,"October",2005-10-01,24.5,-0.43,28.77,0.09,1.117
2006,"October",2006-10-01,25.78,0.85,29.34,0.66,-1.515
2007,"October",2007-10-01,23.44,-1.48,27.9,-0.77,0.44
2008,"October",2008-10-01,24.91,-0.02,28.27,-0.4,1.522
2009,"October",2009-10-01,25.71,0.78,29.6,0.92,-1.664
2010,"October",2010-10-01,23.22,-1.7,27.27,-1.4,1.796
2011,"October",2011-10-01,23.95,-0.98,27.92,-0.75,0.905
2012,"October",2012-10-01,24.97,0.04,29,0.33,0.17
2013,"October",2013-10-01,24.83,-0.1,28.63,-0.05,-0.337
2014,"October",2014-10-01,25.56,0.63,29.2,0.53,-0.862
2015,"October",2015-10-01,27.39,2.47,29.86,1.19,-1.912
2016,"October",2016-10-01,24.41,-0.52,28.3,-0.38,-0.66
2017,"October",2017-10-01,24.11,-0.82,28.57,-0.1,0.753
1870,"November",1870-11-01,23.94,-1.03,28,-0.62,-0.856
1871,"November",1871-11-01,24.66,-0.32,28.1,-0.52,-0.021
1872,"November",1872-11-01,24.01,-0.97,27.88,-0.74,3.092
1873,"November",1873-11-01,23.94,-1.03,27.92,-0.7,-0.356
1874,"November",1874-11-01,23.74,-1.24,27.4,-1.22,0.534
1875,"November",1875-11-01,24.06,-0.91,27.96,-0.66,-1.54
1876,"November",1876-11-01,25.22,0.25,28.4,-0.22,-0.464
1877,"November",1877-11-01,27.27,2.29,29.53,0.91,-1.307
1878,"November",1878-11-01,24.05,-0.92,28.14,-0.48,1.387
1879,"November",1879-11-01,23.95,-1.02,27.47,-1.15,0.761
1880,"November",1880-11-01,25.34,0.37,28.59,-0.03,0.742
1881,"November",1881-11-01,24.37,-0.6,28.16,-0.46,0.492
1882,"November",1882-11-01,24.09,-0.88,27.81,-0.81,0.212
1883,"November",1883-11-01,24.74,-0.23,28.52,-0.1,0.194
1884,"November",1884-11-01,25.46,0.48,28.45,-0.17,-0.26
1885,"November",1885-11-01,25.49,0.52,29.03,0.41,-1.547
1886,"November",1886-11-01,23.72,-1.26,27.57,-1.05,0.882
1887,"November",1887-11-01,24.87,-0.1,28.51,-0.12,-0.633
1888,"November",1888-11-01,27.17,2.2,29.83,1.21,-1.369
1889,"November",1889-11-01,23.97,-1.01,27.54,-1.08,1.919
1890,"November",1890-11-01,23.97,-1,27.5,-1.12,0.162
1891,"November",1891-11-01,24.91,-0.06,28.58,-0.04,-0.487
1892,"November",1892-11-01,23.38,-1.59,27.22,-1.4,-0.878
1893,"November",1893-11-01,24.06,-0.91,27.26,-1.36,0.828
1894,"November",1894-11-01,24.14,-0.84,27.64,-0.98,-0.894
1895,"November",1895-11-01,25.5,0.53,28.58,-0.04,-0.47
1896,"November",1896-11-01,26.55,1.58,29.17,0.55,-1.262
1897,"November",1897-11-01,24.45,-0.52,27.93,-0.69,-0.964
1898,"November",1898-11-01,24.36,-0.61,27.91,-0.71,0.016
1899,"November",1899-11-01,26.22,1.25,29.35,0.73,1.657
1900,"November",1900-11-01,24.87,-0.1,28.8,0.18,-0.753
1901,"November",1901-11-01,24.83,-0.15,28.15,-0.47,-0.947
1902,"November",1902-11-01,26.6,1.63,29.24,0.62,-0.259
1903,"November",1903-11-01,24.17,-0.81,28.21,-0.41,-0.054
1904,"November",1904-11-01,25.52,0.55,28.28,-0.34,-1.812
1905,"November",1905-11-01,26.08,1.11,28.97,0.35,-1.808
1906,"November",1906-11-01,24.47,-0.5,28.44,-0.18,1.953
1907,"November",1907-11-01,24.55,-0.42,28.3,-0.32,-0.579
1908,"November",1908-11-01,24.16,-0.82,27.8,-0.82,0.087
1909,"November",1909-11-01,23.42,-1.55,27.39,-1.24,0.741
1910,"November",1910-11-01,24.58,-0.4,27.65,-0.97,1.742
1911,"November",1911-11-01,25.91,0.94,28.82,0.2,-0.806
1912,"November",1912-11-01,25.06,0.08,28.41,-0.21,0.125
1913,"November",1913-11-01,25.86,0.88,28.58,-0.04,-1.249
1914,"November",1914-11-01,25.45,0.48,28.66,0.04,-0.47
1915,"November",1915-11-01,24.56,-0.41,28.46,-0.16,-1.743
1916,"November",1916-11-01,23.12,-1.85,27.34,-1.28,0.774
1917,"November",1917-11-01,24.52,-0.45,28.02,-0.61,1.933
1918,"November",1918-11-01,26.38,1.41,29.06,0.44,0.021
1919,"November",1919-11-01,24.52,-0.45,27.97,-0.65,-1.229
1920,"November",1920-11-01,24.82,-0.15,28.37,-0.25,-0.194
1921,"November",1921-11-01,24.08,-0.89,27.94,-0.69,0.758
1922,"November",1922-11-01,24.18,-0.79,28.33,-0.29,0.758
1923,"November",1923-11-01,25.48,0.5,29.12,0.49,-1.407
1924,"November",1924-11-01,24.02,-0.96,27.54,-1.09,1.022
1925,"November",1925-11-01,25.82,0.84,29.17,0.55,-0.968
1926,"November",1926-11-01,24.69,-0.28,28.09,-0.53,0.071
1927,"November",1927-11-01,24.89,-0.08,28.37,-0.25,-0.914
1928,"November",1928-11-01,24.55,-0.42,28.46,-0.16,0.212
1929,"November",1929-11-01,25.09,0.12,28.68,0.06,0.952
1930,"November",1930-11-01,26.78,1.81,29.42,0.8,0.304
1931,"November",1931-11-01,24.51,-0.47,28.49,-0.13,-0.368
1932,"November",1932-11-01,24.74,-0.24,28.45,-0.17,-0.612
1933,"November",1933-11-01,23.95,-1.02,27.7,-0.92,0.53
1934,"November",1934-11-01,24.93,-0.05,28.2,-0.42,1.213
1935,"November",1935-11-01,25.27,0.29,28.61,-0.01,0.303
1936,"November",1936-11-01,25.01,0.04,28.35,-0.27,-1.548
1937,"November",1937-11-01,24.94,-0.04,28.67,0.04,-0.456
1938,"November",1938-11-01,24.11,-0.86,27.98,-0.64,-0.071
1939,"November",1939-11-01,25.35,0.38,28.47,-0.15,-0.964
1940,"November",1940-11-01,25.28,0.3,29.15,0.53,-0.773
1941,"November",1941-11-01,26.12,1.14,29.37,0.75,-1.092
1942,"November",1942-11-01,23.31,-1.66,27.83,-0.79,-0.642
1943,"November",1943-11-01,24.52,-0.45,28.07,-0.55,0.215
1944,"November",1944-11-01,24.34,-0.63,28.62,0,-0.836
1945,"November",1945-11-01,24.73,-0.25,28.36,-0.26,-0.447
1946,"November",1946-11-01,24.6,-0.38,28.64,0.02,-0.248
1947,"November",1947-11-01,24.46,-0.52,27.76,-0.86,0.753
1948,"November",1948-11-01,24.65,-0.32,28.33,-0.3,0.186
1949,"November",1949-11-01,23.52,-1.45,27.35,-1.27,-0.766
1950,"November",1950-11-01,23.53,-1.45,27.2,-1.42,0.893
1951,"November",1951-11-01,26,1.03,28.88,0.26,-0.985
1952,"November",1952-11-01,24.43,-0.55,28.29,-0.33,-0.224
1953,"November",1953-11-01,25.1,0.13,28.79,0.17,-0.364
1954,"November",1954-11-01,23.59,-1.38,27.7,-0.92,0.162
1955,"November",1955-11-01,22.89,-2.08,27.25,-1.37,1.382
1956,"November",1956-11-01,23.93,-1.05,27.87,-0.75,0.112
1957,"November",1957-11-01,25.99,1.02,29.21,0.59,-1.229
1958,"November",1958-11-01,24.83,-0.14,28.77,0.15,-0.612
1959,"November",1959-11-01,24.73,-0.24,28.28,-0.34,0.902
1960,"November",1960-11-01,24.23,-0.74,28.29,-0.33,0.605
1961,"November",1961-11-01,24.65,-0.32,28.15,-0.47,0.68
1962,"November",1962-11-01,24.29,-0.68,28.31,-0.31,0.273
1963,"November",1963-11-01,25.64,0.67,29.04,0.42,-0.93
1964,"November",1964-11-01,24.05,-0.93,27.46,-1.17,-0.058
1965,"November",1965-11-01,26.41,1.43,29.32,0.7,-1.858
1966,"November",1966-11-01,24.27,-0.7,28.5,-0.12,-0.202
1967,"November",1967-11-01,24.06,-0.92,28.52,-0.1,-0.567
1968,"November",1968-11-01,25.34,0.37,29.14,0.52,-0.442
1969,"November",1969-11-01,25.83,0.85,29.1,0.48,-0.177
1970,"November",1970-11-01,23.82,-1.15,28.07,-0.55,1.85
1971,"November",1971-11-01,23.88,-1.09,28.04,-0.58,0.555
1972,"November",1972-11-01,27.12,2.15,29.23,0.61,-0.384
1973,"November",1973-11-01,23.39,-1.59,27.04,-1.58,2.847
1974,"November",1974-11-01,24.22,-0.75,27.6,-1.02,-0.423
1975,"November",1975-11-01,23.75,-1.22,26.75,-1.88,1.246
1976,"November",1976-11-01,26.02,1.05,28.93,0.31,0.761
1977,"November",1977-11-01,25.55,0.58,29.24,0.62,-1.556
1978,"November",1978-11-01,24.95,-0.02,28.46,-0.16,-0.281
1979,"November",1979-11-01,25.49,0.52,28.69,0.06,-0.612
1980,"November",1980-11-01,24.98,0.01,28.89,0.27,-0.472
1981,"November",1981-11-01,24.88,-0.1,28.51,-0.11,0.075
1982,"November",1982-11-01,27.66,2.69,29.24,0.62,-3.248
1983,"November",1983-11-01,24.18,-0.79,27.73,-0.89,-0.115
1984,"November",1984-11-01,23.99,-0.98,27.72,-0.91,0.117
1985,"November",1985-11-01,24.3,-0.68,28.45,-0.17,-0.348
1986,"November",1986-11-01,25.86,0.88,29.28,0.66,-1.573
1987,"November",1987-11-01,26.13,1.16,29.63,1.01,-0.074
1988,"November",1988-11-01,23.13,-1.84,26.97,-1.65,1.92
1989,"November",1989-11-01,24.64,-0.34,28.35,-0.27,-0.381
1990,"November",1990-11-01,24.85,-0.12,28.99,0.37,-0.683
1991,"November",1991-11-01,26.01,1.03,29.32,0.7,-0.769
1992,"November",1992-11-01,24.69,-0.29,28.73,0.11,-0.844
1993,"November",1993-11-01,25.08,0.11,29.05,0.43,-0.132
1994,"November",1994-11-01,25.83,0.85,29.56,0.94,-0.806
1995,"November",1995-11-01,24.23,-0.75,28.32,-0.3,-0.016
1996,"November",1996-11-01,24.49,-0.49,28.54,-0.08,-0.207
1997,"November",1997-11-01,28.19,3.22,29.56,0.94,-1.311
1998,"November",1998-11-01,24.27,-0.71,27.52,-1.1,1.005
1999,"November",1999-11-01,23.55,-1.42,27.57,-1.05,1.221
2000,"November",2000-11-01,24.26,-0.72,28.1,-0.52,2.019
2001,"November",2001-11-01,24.39,-0.59,28.78,0.16,0.638
2002,"November",2002-11-01,26.21,1.24,29.57,0.95,-0.595
2003,"November",2003-11-01,25.33,0.35,29.17,0.55,-0.318
2004,"November",2004-11-01,25.46,0.49,29.35,0.73,-1.055
2005,"November",2005-11-01,24.05,-0.92,28.58,-0.04,-0.418
2006,"November",2006-11-01,25.9,0.93,29.38,0.76,0.051
2007,"November",2007-11-01,23.26,-1.71,27.51,-1.11,0.819
2008,"November",2008-11-01,24.83,-0.15,28.1,-0.52,1.643
2009,"November",2009-11-01,26.16,1.19,29.83,1.21,-0.675
2010,"November",2010-11-01,23.41,-1.56,27.21,-1.41,1.623
2011,"November",2011-11-01,23.93,-1.04,27.88,-0.74,1.412
2012,"November",2012-11-01,25.14,0.17,28.98,0.36,0.328
2013,"November",2013-11-01,24.87,-0.11,28.78,0.16,0.749
2014,"November",2014-11-01,25.89,0.92,29.43,0.81,-0.96
2015,"November",2015-11-01,27.6,2.63,30.22,1.59,-0.633
2016,"November",2016-11-01,24.5,-0.48,28.33,-0.29,-0.227
2017,"November",2017-11-01,23.87,-1.1,28.41,-0.21,0.935
1870,"December",1870-12-01,24.19,-0.95,27.78,-0.67,-1.294
1871,"December",1871-12-01,24.52,-0.63,27.73,-0.72,0.97
1872,"December",1872-12-01,24.14,-1.01,27.62,-0.83,2.795
1873,"December",1873-12-01,24.05,-1.1,27.98,-0.47,1.332
1874,"December",1874-12-01,24.03,-1.12,27.49,-0.95,1.277
1875,"December",1875-12-01,24.13,-1.02,27.61,-0.83,-0.54
1876,"December",1876-12-01,25.44,0.29,28.34,-0.11,-0.451
1877,"December",1877-12-01,27.71,2.56,29.6,1.16,-1.516
1878,"December",1878-12-01,24.34,-0.8,27.99,-0.45,1.892
1879,"December",1879-12-01,24.16,-0.99,27.61,-0.84,-0.708
1880,"December",1880-12-01,25.2,0.06,28.51,0.06,-0.332
1881,"December",1881-12-01,24.66,-0.49,28.14,-0.31,0.698
1882,"December",1882-12-01,24.32,-0.83,27.74,-0.71,1.044
1883,"December",1883-12-01,24.8,-0.34,28.31,-0.14,-1.774
1884,"December",1884-12-01,25.7,0.56,28.4,-0.05,-1.5
1885,"December",1885-12-01,25.84,0.69,28.9,0.45,0.466
1886,"December",1886-12-01,23.7,-1.44,27.2,-1.25,1.508
1887,"December",1887-12-01,25.15,0,28.26,-0.19,0.454
1888,"December",1888-12-01,26.87,1.73,29.24,0.79,-0.395
1889,"December",1889-12-01,24.1,-1.05,27.29,-1.16,2.349
1890,"December",1890-12-01,24.54,-0.6,27.73,-0.72,-0.042
1891,"December",1891-12-01,25.05,-0.1,28.37,-0.07,-0.619
1892,"December",1892-12-01,23.74,-1.41,27.68,-0.77,0.298
1893,"December",1893-12-01,24.23,-0.92,27.35,-1.1,-0.496
1894,"December",1894-12-01,24.52,-0.62,27.85,-0.6,0.065
1895,"December",1895-12-01,25.69,0.54,28.46,0.01,-1
1896,"December",1896-12-01,26.75,1.6,29.06,0.61,-1.693
1897,"December",1897-12-01,24.69,-0.45,27.86,-0.59,1.044
1898,"December",1898-12-01,24.37,-0.77,27.61,-0.83,0.422
1899,"December",1899-12-01,26.43,1.29,29.34,0.89,-0.443
1900,"December",1900-12-01,25.45,0.3,29,0.56,-0.728
1901,"December",1901-12-01,25.07,-0.08,28.04,-0.41,-0.324
1902,"December",1902-12-01,26.41,1.27,28.91,0.46,-0.448
1903,"December",1903-12-01,23.97,-1.17,27.88,-0.57,1.664
1904,"December",1904-12-01,25.9,0.76,28.91,0.46,0.178
1905,"December",1905-12-01,26.07,0.93,29,0.55,-1.569
1906,"December",1906-12-01,24.49,-0.65,28.12,-0.33,0.302
1907,"December",1907-12-01,24.93,-0.21,28.18,-0.27,0.65
1908,"December",1908-12-01,23.94,-1.21,27.56,-0.88,-0.712
1909,"December",1909-12-01,24.07,-1.08,27.51,-0.94,0.414
1910,"December",1910-12-01,24.52,-0.63,27.61,-0.84,1.659
1911,"December",1911-12-01,26.6,1.46,28.35,-0.1,-0.268
1912,"December",1912-12-01,24.74,-0.41,27.95,-0.5,-1.009
1913,"December",1913-12-01,26.1,0.95,28.5,0.05,-0.892
1914,"December",1914-12-01,25.89,0.75,28.68,0.23,0.169
1915,"December",1915-12-01,24.48,-0.67,28.42,-0.02,0.991
1916,"December",1916-12-01,23.42,-1.73,27.43,-1.01,1.623
1917,"December",1917-12-01,24.11,-1.03,27.84,-0.61,2.397
1918,"December",1918-12-01,26.55,1.4,28.94,0.49,-1.004
1919,"December",1919-12-01,25.33,0.19,28.48,0.03,-1.116
1920,"December",1920-12-01,25.26,0.11,27.92,-0.53,0.991
1921,"December",1921-12-01,24.36,-0.79,28.28,-0.16,0.815
1922,"December",1922-12-01,24.41,-0.74,27.79,-0.66,1.207
1923,"December",1923-12-01,25.87,0.72,28.78,0.33,0.13
1924,"December",1924-12-01,24.33,-0.82,27.97,-0.48,0.482
1925,"December",1925-12-01,26.65,1.51,29.21,0.76,-0.892
1926,"December",1926-12-01,25.03,-0.12,28.09,-0.36,0.587
1927,"December",1927-12-01,25.1,-0.04,28.58,0.14,0.747
1928,"December",1928-12-01,24.94,-0.2,28.06,-0.39,1.204
1929,"December",1929-12-01,25.54,0.4,28.87,0.42,0.531
1930,"December",1930-12-01,26.7,1.56,28.96,0.51,-0.271
1931,"December",1931-12-01,24.75,-0.39,28.09,-0.35,0.806
1932,"December",1932-12-01,24.71,-0.43,28,-0.44,0.25
1933,"December",1933-12-01,24,-1.14,27.3,-1.14,0.811
1934,"December",1934-12-01,24.71,-0.44,28.07,-0.37,-0.38
1935,"December",1935-12-01,25.18,0.03,28.32,-0.13,-0.555
1936,"December",1936-12-01,25.59,0.45,28.74,0.29,-0.035
1937,"December",1937-12-01,25.2,0.05,28.15,-0.29,0.643
1938,"December",1938-12-01,24.08,-1.06,27.86,-0.59,1.423
1939,"December",1939-12-01,25.16,0.01,28.68,0.23,-1.072
1940,"December",1940-12-01,26.26,1.11,29.22,0.77,-3.38
1941,"December",1941-12-01,26.45,1.31,29.28,0.83,-1.068
1942,"December",1942-12-01,23.96,-1.19,27.54,-0.91,1.424
1943,"December",1943-12-01,24.67,-0.48,28.1,-0.35,-1.055
1944,"December",1944-12-01,24.57,-0.58,28.4,-0.05,0.364
1945,"December",1945-12-01,24.61,-0.54,28.09,-0.36,0.633
1946,"December",1946-12-01,24.95,-0.19,28.9,0.45,-0.714
1947,"December",1947-12-01,25.28,0.13,28.41,-0.04,0.471
1948,"December",1948-12-01,25.35,0.21,28.28,-0.17,-0.719
1949,"December",1949-12-01,23.81,-1.34,27.56,-0.89,0.769
1950,"December",1950-12-01,24.17,-0.97,27.66,-0.79,2.461
1951,"December",1951-12-01,25.95,0.81,28.79,0.34,-0.901
1952,"December",1952-12-01,24.45,-0.69,28.17,-0.28,-1.4
1953,"December",1953-12-01,25.23,0.08,28.34,-0.1,-0.611
1954,"December",1954-12-01,23.96,-1.18,27.89,-0.56,1.315
1955,"December",1955-12-01,23.5,-1.65,27.19,-1.26,0.909
1956,"December",1956-12-01,24.34,-0.8,27.98,-0.47,0.989
1957,"December",1957-12-01,26.3,1.16,29.07,0.62,-0.438
1958,"December",1958-12-01,25.06,-0.08,28.86,0.41,-0.838
1959,"December",1959-12-01,25,-0.15,28.17,-0.28,0.815
1960,"December",1960-12-01,24.83,-0.32,28.54,0.09,0.633
1961,"December",1961-12-01,24.82,-0.32,27.86,-0.59,1.31
1962,"December",1962-12-01,24.36,-0.79,28.02,-0.43,-0.098
1963,"December",1963-12-01,26.11,0.96,28.84,0.4,-1.352
1964,"December",1964-12-01,24.01,-1.13,27.48,-0.96,-0.494
1965,"December",1965-12-01,26.45,1.3,29.13,0.68,0.022
1966,"December",1966-12-01,24.46,-0.69,28.37,-0.08,-0.607
1967,"December",1967-12-01,24.29,-0.85,28.31,-0.14,-0.777
1968,"December",1968-12-01,25.7,0.56,28.93,0.48,0.126
1969,"December",1969-12-01,26.01,0.86,28.97,0.53,0.243
1970,"December",1970-12-01,23.89,-1.26,27.48,-0.97,1.832
1971,"December",1971-12-01,24,-1.15,27.98,-0.47,0.145
1972,"December",1972-12-01,27.59,2.44,29.34,0.89,-1.47
1973,"December",1973-12-01,23.54,-1.6,26.58,-1.86,1.762
1974,"December",1974-12-01,24.4,-0.74,27.55,-0.9,-0.144
1975,"December",1975-12-01,23.61,-1.54,26.57,-1.88,2.054
1976,"December",1976-12-01,25.91,0.76,28.5,0.05,-0.48
1977,"December",1977-12-01,25.67,0.53,29.18,0.73,-1.228
1978,"December",1978-12-01,25.4,0.26,28.35,-0.1,-0.21
1979,"December",1979-12-01,25.72,0.58,28.95,0.5,-0.896
1980,"December",1980-12-01,25.35,0.2,28.58,0.13,-0.209
1981,"December",1981-12-01,25.43,0.29,28.54,0.1,0.405
1982,"December",1982-12-01,28.22,3.07,29.11,0.66,-2.476
1983,"December",1983-12-01,24.52,-0.62,27.77,-0.68,-0.167
1984,"December",1984-12-01,23.79,-1.36,27.34,-1.11,-0.239
1985,"December",1985-12-01,24.47,-0.67,28.36,-0.08,0.124
1986,"December",1986-12-01,25.89,0.74,29.02,0.58,-1.64
1987,"December",1987-12-01,26.21,1.07,29.39,0.94,-0.664
1988,"December",1988-12-01,23.39,-1.76,26.86,-1.59,1.089
1989,"December",1989-12-01,24.78,-0.36,28.55,0.1,-0.619
1990,"December",1990-12-01,25.11,-0.03,29.09,0.64,-0.382
1991,"December",1991-12-01,26.46,1.32,29.27,0.82,-2.018
1992,"December",1992-12-01,24.89,-0.26,28.74,0.29,-0.714
1993,"December",1993-12-01,25.14,0,28.82,0.37,0.075
1994,"December",1994-12-01,26.09,0.94,29.36,0.91,-1.411
1995,"December",1995-12-01,24.41,-0.74,28.21,-0.24,-0.716
1996,"December",1996-12-01,24.35,-0.8,28.48,0.03,0.708
1997,"December",1997-12-01,28.39,3.24,29.23,0.78,-1.122
1998,"December",1998-12-01,24.15,-1,27.21,-1.24,1.322
1999,"December",1999-12-01,23.68,-1.46,27.24,-1.2,1.37
2000,"December",2000-12-01,24.42,-0.72,27.65,-0.8,0.774
2001,"December",2001-12-01,24.51,-0.64,28.45,0.01,-1.055
2002,"December",2002-12-01,26.39,1.25,29.29,0.84,-1.296
2003,"December",2003-12-01,25.67,0.53,28.85,0.41,0.924
2004,"December",2004-12-01,25.69,0.54,29.2,0.75,-0.938
2005,"December",2005-12-01,23.88,-1.27,28.2,-0.25,0.012
2006,"December",2006-12-01,26.21,1.06,29.26,0.82,-0.394
2007,"December",2007-12-01,23.48,-1.67,27.36,-1.08,1.488
2008,"December",2008-12-01,24.51,-0.63,27.73,-0.72,1.427
2009,"December",2009-12-01,26.62,1.47,29.76,1.31,-0.947
2010,"December",2010-12-01,23.6,-1.55,27.07,-1.37,2.904
2011,"December",2011-12-01,24.35,-0.79,27.41,-1.04,2.454
2012,"December",2012-12-01,24.87,-0.28,28.55,0.1,-0.775
2013,"December",2013-12-01,25.13,-0.02,28.36,-0.08,-0.046
2014,"December",2014-12-01,25.94,0.8,29.15,0.71,-0.659
2015,"December",2015-12-01,27.8,2.65,29.95,1.51,-0.997
2016,"December",2016-12-01,24.66,-0.48,28.31,-0.13,0.19
2017,"December",2017-12-01,24.05,-1.09,28.14,-0.31,-0.265
